ENEMY_DATA_SCHEMA.md	docs/ENEMY_DATA_SCHEMA.md
PLAN.md	docs/PLAN.md
ROADMAP.md	docs/ROADMAP.md
TODO_NEXT_SESSION.md	docs/TODO_NEXT_SESSION.md
assets/audio/Ambiance/cities/port_city_1.wav	assets/audio/ambience/cities/port_city_1.wav
assets/audio/Ambiance/cities/port_city_1.wav.import	assets/audio/ambience/cities/port_city_1.wav.import
assets/audio/Ambiance/combat arena/kling_20260303_Text_to_Audio_90s_retro__1451_1.wav	assets/audio/ambience/combat arena/kling_20260303_Text_to_Audio_90s_retro__1451_1.wav
assets/audio/Ambiance/combat arena/kling_20260303_Text_to_Audio_90s_retro__1451_1.wav.import	assets/audio/ambience/combat arena/kling_20260303_Text_to_Audio_90s_retro__1451_1.wav.import
assets/audio/Ambiance/combat arena/kling_20260303_Text_to_Audio_90s_retro__1451_3.wav	assets/audio/ambience/combat arena/kling_20260303_Text_to_Audio_90s_retro__1451_3.wav
assets/audio/Ambiance/combat arena/kling_20260303_Text_to_Audio_90s_retro__1451_3.wav.import	assets/audio/ambience/combat arena/kling_20260303_Text_to_Audio_90s_retro__1451_3.wav.import
assets/audio/Ambiance/ruins/ruins_creepy_ambience.wav	assets/audio/ambience/ruins/ruins_creepy_ambience.wav
assets/audio/Ambiance/ruins/ruins_creepy_ambience.wav.import	assets/audio/ambience/ruins/ruins_creepy_ambience.wav.import
assets/audio/Ambiance/towns/town_murmur_medieval_mix_60s_ps1_retro.wav	assets/audio/ambience/towns/town_murmur_medieval_mix_60s_ps1_retro.wav
assets/audio/Ambiance/towns/town_murmur_medieval_mix_60s_ps1_retro.wav.import	assets/audio/ambience/towns/town_murmur_medieval_mix_60s_ps1_retro.wav.import
assets/audio/background music/game_menu_intro_3min_medieval_trumpets_war_drums.wav	assets/audio/music/game_menu_intro_3min_medieval_trumpets_war_drums.wav
assets/audio/background music/game_menu_intro_3min_medieval_trumpets_war_drums.wav.import	assets/audio/music/game_menu_intro_3min_medieval_trumpets_war_drums.wav.import
assets/audio/background music/game_music_dungeon_lofi_notgood.wav	assets/audio/music/game_music_dungeon_lofi_notgood.wav
assets/audio/background music/game_music_dungeon_lofi_notgood.wav.import	assets/audio/music/game_music_dungeon_lofi_notgood.wav.import
assets/audio/background music/general_game_music_dungeon_lofi_120s_ps1_retro.wav	assets/audio/music/general_game_music_dungeon_lofi_120s_ps1_retro.wav
assets/audio/background music/general_game_music_dungeon_lofi_120s_ps1_retro.wav.import	assets/audio/music/general_game_music_dungeon_lofi_120s_ps1_retro.wav.import
assets/audio/background music/general_game_music_village_120s_ps1_retro.wav	assets/audio/music/general_game_music_village_120s_ps1_retro.wav
assets/audio/background music/general_game_music_village_120s_ps1_retro.wav.import	assets/audio/music/general_game_music_village_120s_ps1_retro.wav.import
assets/audio/background music/general_game_music_wilderness_120s_ps1_retro.wav	assets/audio/music/general_game_music_wilderness_120s_ps1_retro.wav
assets/audio/background music/general_game_music_wilderness_120s_ps1_retro.wav.import	assets/audio/music/general_game_music_wilderness_120s_ps1_retro.wav.import
assets/audio/background music/ruins_game_music_dungeon_lofi_120s_v2_ps1_retro.wav	assets/audio/music/ruins_game_music_dungeon_lofi_120s_v2_ps1_retro.wav
assets/audio/background music/ruins_game_music_dungeon_lofi_120s_v2_ps1_retro.wav.import	assets/audio/music/ruins_game_music_dungeon_lofi_120s_v2_ps1_retro.wav.import
assets/meshes/dwarven/forge/anvil_large.obj	assets/world/dwarven_meshes/dwarven/forge/anvil_large.obj
assets/meshes/dwarven/forge/anvil_large.obj.import	assets/world/dwarven_meshes/dwarven/forge/anvil_large.obj.import
assets/meshes/dwarven/forge/anvil_standard.obj	assets/world/dwarven_meshes/dwarven/forge/anvil_standard.obj
assets/meshes/dwarven/forge/anvil_standard.obj.import	assets/world/dwarven_meshes/dwarven/forge/anvil_standard.obj.import
assets/meshes/dwarven/forge/anvil_stump.obj	assets/world/dwarven_meshes/dwarven/forge/anvil_stump.obj
assets/meshes/dwarven/forge/anvil_stump.obj.import	assets/world/dwarven_meshes/dwarven/forge/anvil_stump.obj.import
assets/meshes/dwarven/forge/bellows_floor.obj	assets/world/dwarven_meshes/dwarven/forge/bellows_floor.obj
assets/meshes/dwarven/forge/bellows_floor.obj.import	assets/world/dwarven_meshes/dwarven/forge/bellows_floor.obj.import
assets/meshes/dwarven/forge/bellows_hand.obj	assets/world/dwarven_meshes/dwarven/forge/bellows_hand.obj
assets/meshes/dwarven/forge/bellows_hand.obj.import	assets/world/dwarven_meshes/dwarven/forge/bellows_hand.obj.import
assets/meshes/dwarven/forge/bellows_large.obj	assets/world/dwarven_meshes/dwarven/forge/bellows_large.obj
assets/meshes/dwarven/forge/bellows_large.obj.import	assets/world/dwarven_meshes/dwarven/forge/bellows_large.obj.import
assets/meshes/dwarven/forge/coal_pile.obj	assets/world/dwarven_meshes/dwarven/forge/coal_pile.obj
assets/meshes/dwarven/forge/coal_pile.obj.import	assets/world/dwarven_meshes/dwarven/forge/coal_pile.obj.import
assets/meshes/dwarven/forge/furnace_large.obj	assets/world/dwarven_meshes/dwarven/forge/furnace_large.obj
assets/meshes/dwarven/forge/furnace_large.obj.import	assets/world/dwarven_meshes/dwarven/forge/furnace_large.obj.import
assets/meshes/dwarven/forge/furnace_small.obj	assets/world/dwarven_meshes/dwarven/forge/furnace_small.obj
assets/meshes/dwarven/forge/furnace_small.obj.import	assets/world/dwarven_meshes/dwarven/forge/furnace_small.obj.import
assets/meshes/dwarven/forge/grinding_wheel.obj	assets/world/dwarven_meshes/dwarven/forge/grinding_wheel.obj
assets/meshes/dwarven/forge/grinding_wheel.obj.import	assets/world/dwarven_meshes/dwarven/forge/grinding_wheel.obj.import
assets/meshes/dwarven/forge/hammer.obj	assets/world/dwarven_meshes/dwarven/forge/hammer.obj
assets/meshes/dwarven/forge/hammer.obj.import	assets/world/dwarven_meshes/dwarven/forge/hammer.obj.import
assets/meshes/dwarven/forge/ingot_stack.obj	assets/world/dwarven_meshes/dwarven/forge/ingot_stack.obj
assets/meshes/dwarven/forge/ingot_stack.obj.import	assets/world/dwarven_meshes/dwarven/forge/ingot_stack.obj.import
assets/meshes/dwarven/forge/kiln.obj	assets/world/dwarven_meshes/dwarven/forge/kiln.obj
assets/meshes/dwarven/forge/kiln.obj.import	assets/world/dwarven_meshes/dwarven/forge/kiln.obj.import
assets/meshes/dwarven/forge/quench_tank.obj	assets/world/dwarven_meshes/dwarven/forge/quench_tank.obj
assets/meshes/dwarven/forge/quench_tank.obj.import	assets/world/dwarven_meshes/dwarven/forge/quench_tank.obj.import
assets/meshes/dwarven/forge/rack_standing.obj	assets/world/dwarven_meshes/dwarven/forge/rack_standing.obj
assets/meshes/dwarven/forge/rack_standing.obj.import	assets/world/dwarven_meshes/dwarven/forge/rack_standing.obj.import
assets/meshes/dwarven/forge/rack_wall.obj	assets/world/dwarven_meshes/dwarven/forge/rack_wall.obj
assets/meshes/dwarven/forge/rack_wall.obj.import	assets/world/dwarven_meshes/dwarven/forge/rack_wall.obj.import
assets/meshes/dwarven/forge/rack_weapons.obj	assets/world/dwarven_meshes/dwarven/forge/rack_weapons.obj
assets/meshes/dwarven/forge/rack_weapons.obj.import	assets/world/dwarven_meshes/dwarven/forge/rack_weapons.obj.import
assets/meshes/dwarven/forge/smelter.obj	assets/world/dwarven_meshes/dwarven/forge/smelter.obj
assets/meshes/dwarven/forge/smelter.obj.import	assets/world/dwarven_meshes/dwarven/forge/smelter.obj.import
assets/meshes/dwarven/forge/tongs.obj	assets/world/dwarven_meshes/dwarven/forge/tongs.obj
assets/meshes/dwarven/forge/tongs.obj.import	assets/world/dwarven_meshes/dwarven/forge/tongs.obj.import
assets/models/buildings/CASTLEKEEP_houses.png	assets/world/buildings/CASTLEKEEP_houses.png
assets/models/buildings/CASTLEKEEP_houses.png.import	assets/world/buildings/CASTLEKEEP_houses.png.import
assets/models/buildings/MAGE_guildglb.glb	assets/world/buildings/MAGE_guildglb.glb
assets/models/buildings/MAGE_guildglb.glb.import	assets/world/buildings/MAGE_guildglb.glb.import
assets/models/buildings/MAGE_guildglb_houses.png	assets/world/buildings/MAGE_guildglb_houses.png
assets/models/buildings/MAGE_guildglb_houses.png.import	assets/world/buildings/MAGE_guildglb_houses.png.import
assets/models/buildings/MAGE_guildglb_signs.png	assets/world/buildings/MAGE_guildglb_signs.png
assets/models/buildings/MAGE_guildglb_signs.png.import	assets/world/buildings/MAGE_guildglb_signs.png.import
assets/models/buildings/Mercenary_guild.glb	assets/world/buildings/Mercenary_guild.glb
assets/models/buildings/Mercenary_guild.glb.import	assets/world/buildings/Mercenary_guild.glb.import
assets/models/buildings/Mercenary_guild_houses.png	assets/world/buildings/Mercenary_guild_houses.png
assets/models/buildings/Mercenary_guild_houses.png.import	assets/world/buildings/Mercenary_guild_houses.png.import
assets/models/buildings/Mercenary_guild_signs.png	assets/world/buildings/Mercenary_guild_signs.png
assets/models/buildings/Mercenary_guild_signs.png.import	assets/world/buildings/Mercenary_guild_signs.png.import
assets/models/buildings/adventure_guildglb.glb	assets/world/buildings/adventure_guildglb.glb
assets/models/buildings/adventure_guildglb.glb.import	assets/world/buildings/adventure_guildglb.glb.import
assets/models/buildings/adventure_guildglb_houses.png	assets/world/buildings/adventure_guildglb_houses.png
assets/models/buildings/adventure_guildglb_houses.png.import	assets/world/buildings/adventure_guildglb_houses.png.import
assets/models/buildings/adventure_guildglb_signs.png	assets/world/buildings/adventure_guildglb_signs.png
assets/models/buildings/adventure_guildglb_signs.png.import	assets/world/buildings/adventure_guildglb_signs.png.import
assets/models/buildings/bank.glb	assets/world/buildings/bank.glb
assets/models/buildings/bank.glb.import	assets/world/buildings/bank.glb.import
assets/models/buildings/bank_houses.png	assets/world/buildings/bank_houses.png
assets/models/buildings/bank_houses.png.import	assets/world/buildings/bank_houses.png.import
assets/models/buildings/bank_monastary walls.png	assets/world/buildings/bank_monastary walls.png
assets/models/buildings/bank_monastary walls.png.import	assets/world/buildings/bank_monastary walls.png.import
assets/models/buildings/blacksmith.glb	assets/world/buildings/blacksmith.glb
assets/models/buildings/blacksmith.glb.import	assets/world/buildings/blacksmith.glb.import
assets/models/buildings/blacksmith_houses.png	assets/world/buildings/blacksmith_houses.png
assets/models/buildings/blacksmith_houses.png.import	assets/world/buildings/blacksmith_houses.png.import
assets/models/buildings/blacksmith_market_stall_bitmap.png	assets/world/buildings/blacksmith_market_stall_bitmap.png
assets/models/buildings/blacksmith_market_stall_bitmap.png.import	assets/world/buildings/blacksmith_market_stall_bitmap.png.import
assets/models/buildings/blacksmith_metal water stone fire.png	assets/world/buildings/blacksmith_metal water stone fire.png
assets/models/buildings/blacksmith_metal water stone fire.png.import	assets/world/buildings/blacksmith_metal water stone fire.png.import
assets/models/buildings/castle_keep.glb	assets/world/buildings/castle_keep.glb
assets/models/buildings/castle_keep.glb.import	assets/world/buildings/castle_keep.glb.import
assets/models/buildings/castle_keep_houses.png	assets/world/buildings/castle_keep_houses.png
assets/models/buildings/castle_keep_houses.png.import	assets/world/buildings/castle_keep_houses.png.import
assets/models/buildings/chapel.glb	assets/world/buildings/chapel.glb
assets/models/buildings/chapel.glb.import	assets/world/buildings/chapel.glb.import
assets/models/buildings/chapel_houses.png	assets/world/buildings/chapel_houses.png
assets/models/buildings/chapel_houses.png.import	assets/world/buildings/chapel_houses.png.import
assets/models/buildings/combat arena.glb	assets/world/buildings/combat arena.glb
assets/models/buildings/combat arena.glb.import	assets/world/buildings/combat arena.glb.import
assets/models/buildings/combat arena_stonefloor_2.png	assets/world/buildings/combat arena_stonefloor_2.png
assets/models/buildings/combat arena_stonefloor_2.png.import	assets/world/buildings/combat arena_stonefloor_2.png.import
assets/models/buildings/combat arena_stonefloor_3.png	assets/world/buildings/combat arena_stonefloor_3.png
assets/models/buildings/combat arena_stonefloor_3.png.import	assets/world/buildings/combat arena_stonefloor_3.png.import
assets/models/buildings/combat arena_stonefloor_4.png	assets/world/buildings/combat arena_stonefloor_4.png
assets/models/buildings/combat arena_stonefloor_4.png.import	assets/world/buildings/combat arena_stonefloor_4.png.import
assets/models/buildings/combat arena_stonefloor_5.png	assets/world/buildings/combat arena_stonefloor_5.png
assets/models/buildings/combat arena_stonefloor_5.png.import	assets/world/buildings/combat arena_stonefloor_5.png.import
assets/models/buildings/combat arena_stonefloor_6.png	assets/world/buildings/combat arena_stonefloor_6.png
assets/models/buildings/combat arena_stonefloor_6.png.import	assets/world/buildings/combat arena_stonefloor_6.png.import
assets/models/buildings/cottage.glb	assets/world/buildings/cottage.glb
assets/models/buildings/cottage.glb.import	assets/world/buildings/cottage.glb.import
assets/models/buildings/cottage_houses.png	assets/world/buildings/cottage_houses.png
assets/models/buildings/cottage_houses.png.import	assets/world/buildings/cottage_houses.png.import
assets/models/buildings/doors.blend	assets/world/buildings/doors.blend
assets/models/buildings/doors.blend.import	assets/world/buildings/doors.blend.import
assets/models/buildings/farm.glb	assets/world/buildings/farm.glb
assets/models/buildings/farm.glb.import	assets/world/buildings/farm.glb.import
assets/models/buildings/farm_houses.png	assets/world/buildings/farm_houses.png
assets/models/buildings/farm_houses.png.import	assets/world/buildings/farm_houses.png.import
assets/models/buildings/farm_market_stall2.png	assets/world/buildings/farm_market_stall2.png
assets/models/buildings/farm_market_stall2.png.import	assets/world/buildings/farm_market_stall2.png.import
assets/models/buildings/gallows.glb	assets/world/buildings/gallows.glb
assets/models/buildings/gallows.glb.import	assets/world/buildings/gallows.glb.import
assets/models/buildings/gallows_wood.png	assets/world/buildings/gallows_wood.png
assets/models/buildings/gallows_wood.png.import	assets/world/buildings/gallows_wood.png.import
assets/models/buildings/gate_house.glb	assets/world/buildings/gate_house.glb
assets/models/buildings/gate_house.glb.import	assets/world/buildings/gate_house.glb.import
assets/models/buildings/gate_house_cobblestone.png	assets/world/buildings/gate_house_cobblestone.png
assets/models/buildings/gate_house_cobblestone.png.import	assets/world/buildings/gate_house_cobblestone.png.import
assets/models/buildings/gate_house_cobblestoneAlternative.png	assets/world/buildings/gate_house_cobblestoneAlternative.png
assets/models/buildings/gate_house_cobblestoneAlternative.png.import	assets/world/buildings/gate_house_cobblestoneAlternative.png.import
assets/models/buildings/gate_house_planks.png	assets/world/buildings/gate_house_planks.png
assets/models/buildings/gate_house_planks.png.import	assets/world/buildings/gate_house_planks.png.import
assets/models/buildings/guard_house_wall.glb	assets/world/buildings/guard_house_wall.glb
assets/models/buildings/guard_house_wall.glb.import	assets/world/buildings/guard_house_wall.glb.import
assets/models/buildings/guard_house_wall_cobblestone.png	assets/world/buildings/guard_house_wall_cobblestone.png
assets/models/buildings/guard_house_wall_cobblestone.png.import	assets/world/buildings/guard_house_wall_cobblestone.png.import
assets/models/buildings/guard_house_wall_cobblestoneAlternative.png	assets/world/buildings/guard_house_wall_cobblestoneAlternative.png
assets/models/buildings/guard_house_wall_cobblestoneAlternative.png.import	assets/world/buildings/guard_house_wall_cobblestoneAlternative.png.import
assets/models/buildings/guard_house_wall_details.png	assets/world/buildings/guard_house_wall_details.png
assets/models/buildings/guard_house_wall_details.png.import	assets/world/buildings/guard_house_wall_details.png.import
assets/models/buildings/guard_house_wall_planks.png	assets/world/buildings/guard_house_wall_planks.png
assets/models/buildings/guard_house_wall_planks.png.import	assets/world/buildings/guard_house_wall_planks.png.import
assets/models/buildings/guard_house_wall_roof.png	assets/world/buildings/guard_house_wall_roof.png
assets/models/buildings/guard_house_wall_roof.png.import	assets/world/buildings/guard_house_wall_roof.png.import
assets/models/buildings/guard_tower.glb	assets/world/buildings/guard_tower.glb
assets/models/buildings/guard_tower.glb.import	assets/world/buildings/guard_tower.glb.import
assets/models/buildings/guard_tower_large_stone_wall.png	assets/world/buildings/guard_tower_large_stone_wall.png
assets/models/buildings/guard_tower_large_stone_wall.png.import	assets/world/buildings/guard_tower_large_stone_wall.png.import
assets/models/buildings/guard_tower_stone_large_stone_wall.png	assets/world/buildings/guard_tower_stone_large_stone_wall.png
assets/models/buildings/guard_tower_stone_large_stone_wall.png.import	assets/world/buildings/guard_tower_stone_large_stone_wall.png.import
assets/models/buildings/guard_tower_stone_woodenfloor.png	assets/world/buildings/guard_tower_stone_woodenfloor.png
assets/models/buildings/guard_tower_stone_woodenfloor.png.import	assets/world/buildings/guard_tower_stone_woodenfloor.png.import
assets/models/buildings/guard_tower_woodenfloor.png	assets/world/buildings/guard_tower_woodenfloor.png
assets/models/buildings/guard_tower_woodenfloor.png.import	assets/world/buildings/guard_tower_woodenfloor.png.import
assets/models/buildings/guild_adventure.glb	assets/world/buildings/guild_adventure.glb
assets/models/buildings/guild_adventure.glb.import	assets/world/buildings/guild_adventure.glb.import
assets/models/buildings/guild_adventure_houses.png	assets/world/buildings/guild_adventure_houses.png
assets/models/buildings/guild_adventure_houses.png.import	assets/world/buildings/guild_adventure_houses.png.import
assets/models/buildings/guild_adventure_signs.png	assets/world/buildings/guild_adventure_signs.png
assets/models/buildings/guild_adventure_signs.png.import	assets/world/buildings/guild_adventure_signs.png.import
assets/models/buildings/house_large.glb	assets/world/buildings/house_large.glb
assets/models/buildings/house_large.glb.import	assets/world/buildings/house_large.glb.import
assets/models/buildings/house_large_cluster.glb	assets/world/buildings/house_large_cluster.glb
assets/models/buildings/house_large_cluster.glb.import	assets/world/buildings/house_large_cluster.glb.import
assets/models/buildings/house_large_cluster_houses.png	assets/world/buildings/house_large_cluster_houses.png
assets/models/buildings/house_large_cluster_houses.png.import	assets/world/buildings/house_large_cluster_houses.png.import
assets/models/buildings/house_large_houses.png	assets/world/buildings/house_large_houses.png
assets/models/buildings/house_large_houses.png.import	assets/world/buildings/house_large_houses.png.import
assets/models/buildings/house_medium.glb	assets/world/buildings/house_medium.glb
assets/models/buildings/house_medium.glb.import	assets/world/buildings/house_medium.glb.import
assets/models/buildings/house_medium_cluster.glb	assets/world/buildings/house_medium_cluster.glb
assets/models/buildings/house_medium_cluster.glb.import	assets/world/buildings/house_medium_cluster.glb.import
assets/models/buildings/house_medium_cluster_houses.png	assets/world/buildings/house_medium_cluster_houses.png
assets/models/buildings/house_medium_cluster_houses.png.import	assets/world/buildings/house_medium_cluster_houses.png.import
assets/models/buildings/house_medium_houses.png	assets/world/buildings/house_medium_houses.png
assets/models/buildings/house_medium_houses.png.import	assets/world/buildings/house_medium_houses.png.import
assets/models/buildings/house_small.glb	assets/world/buildings/house_small.glb
assets/models/buildings/house_small.glb.import	assets/world/buildings/house_small.glb.import
assets/models/buildings/house_small_cluster.glb	assets/world/buildings/house_small_cluster.glb
assets/models/buildings/house_small_cluster.glb.import	assets/world/buildings/house_small_cluster.glb.import
assets/models/buildings/house_small_cluster_houses.png	assets/world/buildings/house_small_cluster_houses.png
assets/models/buildings/house_small_cluster_houses.png.import	assets/world/buildings/house_small_cluster_houses.png.import
assets/models/buildings/house_small_houses.png	assets/world/buildings/house_small_houses.png
assets/models/buildings/house_small_houses.png.import	assets/world/buildings/house_small_houses.png.import
assets/models/buildings/hovel.glb	assets/world/buildings/hovel.glb
assets/models/buildings/hovel.glb.import	assets/world/buildings/hovel.glb.import
assets/models/buildings/hovel_houses.png	assets/world/buildings/hovel_houses.png
assets/models/buildings/hovel_houses.png.import	assets/world/buildings/hovel_houses.png.import
assets/models/buildings/manor.glb	assets/world/buildings/manor.glb
assets/models/buildings/manor.glb.import	assets/world/buildings/manor.glb.import
assets/models/buildings/manor_cluster.glb	assets/world/buildings/manor_cluster.glb
assets/models/buildings/manor_cluster.glb.import	assets/world/buildings/manor_cluster.glb.import
assets/models/buildings/manor_cluster_houses.png	assets/world/buildings/manor_cluster_houses.png
assets/models/buildings/manor_cluster_houses.png.import	assets/world/buildings/manor_cluster_houses.png.import
assets/models/buildings/manor_houses.png	assets/world/buildings/manor_houses.png
assets/models/buildings/manor_houses.png.import	assets/world/buildings/manor_houses.png.import
assets/models/buildings/market_stall.glb	assets/world/buildings/market_stall.glb
assets/models/buildings/market_stall.glb.import	assets/world/buildings/market_stall.glb.import
assets/models/buildings/market_stall_houses.png	assets/world/buildings/market_stall_houses.png
assets/models/buildings/market_stall_houses.png.import	assets/world/buildings/market_stall_houses.png.import
assets/models/buildings/market_stall_market_stall_bitmap.png	assets/world/buildings/market_stall_market_stall_bitmap.png
assets/models/buildings/market_stall_market_stall_bitmap.png.import	assets/world/buildings/market_stall_market_stall_bitmap.png.import
assets/models/buildings/market_stall_threeinarow.glb	assets/world/buildings/market_stall_threeinarow.glb
assets/models/buildings/market_stall_threeinarow.glb.import	assets/world/buildings/market_stall_threeinarow.glb.import
assets/models/buildings/market_stall_threeinarow_houses.png	assets/world/buildings/market_stall_threeinarow_houses.png
assets/models/buildings/market_stall_threeinarow_houses.png.import	assets/world/buildings/market_stall_threeinarow_houses.png.import
assets/models/buildings/market_stall_threeinarow_market_stall_bitmap.png	assets/world/buildings/market_stall_threeinarow_market_stall_bitmap.png
assets/models/buildings/market_stall_threeinarow_market_stall_bitmap.png.import	assets/world/buildings/market_stall_threeinarow_market_stall_bitmap.png.import
assets/models/buildings/modular_house_blocks.glb	assets/world/buildings/modular_house_blocks.glb
assets/models/buildings/modular_house_blocks.glb.import	assets/world/buildings/modular_house_blocks.glb.import
assets/models/buildings/modular_house_blocks_1.glb	assets/world/buildings/modular_house_blocks_1.glb
assets/models/buildings/modular_house_blocks_1.glb.import	assets/world/buildings/modular_house_blocks_1.glb.import
assets/models/buildings/modular_house_blocks_2.glb	assets/world/buildings/modular_house_blocks_2.glb
assets/models/buildings/modular_house_blocks_2.glb.import	assets/world/buildings/modular_house_blocks_2.glb.import
assets/models/buildings/modular_house_blocks_one.glb	assets/world/buildings/modular_house_blocks_one.glb
assets/models/buildings/modular_house_blocks_one.glb.import	assets/world/buildings/modular_house_blocks_one.glb.import
assets/models/buildings/shop.glb	assets/world/buildings/shop.glb
assets/models/buildings/shop.glb.import	assets/world/buildings/shop.glb.import
assets/models/buildings/shop_houses.png	assets/world/buildings/shop_houses.png
assets/models/buildings/shop_houses.png.import	assets/world/buildings/shop_houses.png.import
assets/models/buildings/shop_market_stall_bitmap.png	assets/world/buildings/shop_market_stall_bitmap.png
assets/models/buildings/shop_market_stall_bitmap.png.import	assets/world/buildings/shop_market_stall_bitmap.png.import
assets/models/buildings/temple_death.glb	assets/world/buildings/temple_death.glb
assets/models/buildings/temple_death.glb.import	assets/world/buildings/temple_death.glb.import
assets/models/buildings/temple_death_houses.png	assets/world/buildings/temple_death_houses.png
assets/models/buildings/temple_death_houses.png.import	assets/world/buildings/temple_death_houses.png.import
assets/models/buildings/temple_harvest.glb	assets/world/buildings/temple_harvest.glb
assets/models/buildings/temple_harvest.glb.import	assets/world/buildings/temple_harvest.glb.import
assets/models/buildings/temple_harvest_houses.png	assets/world/buildings/temple_harvest_houses.png
assets/models/buildings/temple_harvest_houses.png.import	assets/world/buildings/temple_harvest_houses.png.import
assets/models/buildings/temple_time.glb	assets/world/buildings/temple_time.glb
assets/models/buildings/temple_time.glb.import	assets/world/buildings/temple_time.glb.import
assets/models/buildings/temple_time_houses.png	assets/world/buildings/temple_time_houses.png
assets/models/buildings/temple_time_houses.png.import	assets/world/buildings/temple_time_houses.png.import
assets/models/buildings/thieves_guild.glb	assets/world/buildings/thieves_guild.glb
assets/models/buildings/thieves_guild.glb.import	assets/world/buildings/thieves_guild.glb.import
assets/models/buildings/thieves_guild_houses.png	assets/world/buildings/thieves_guild_houses.png
assets/models/buildings/thieves_guild_houses.png.import	assets/world/buildings/thieves_guild_houses.png.import
assets/models/buildings/thieves_guild_signs.png	assets/world/buildings/thieves_guild_signs.png
assets/models/buildings/thieves_guild_signs.png.import	assets/world/buildings/thieves_guild_signs.png.import
assets/models/buildings/town_hall.glb	assets/world/buildings/town_hall.glb
assets/models/buildings/town_hall.glb.import	assets/world/buildings/town_hall.glb.import
assets/models/buildings/town_hall_houses.png	assets/world/buildings/town_hall_houses.png
assets/models/buildings/town_hall_houses.png.import	assets/world/buildings/town_hall_houses.png.import
assets/models/buildings/wall_large.glb	assets/world/buildings/wall_large.glb
assets/models/buildings/wall_large.glb.import	assets/world/buildings/wall_large.glb.import
assets/models/buildings/wall_large_cobblestone.png	assets/world/buildings/wall_large_cobblestone.png
assets/models/buildings/wall_large_cobblestone.png.import	assets/world/buildings/wall_large_cobblestone.png.import
assets/models/buildings/wall_large_cobblestoneAlternative.png	assets/world/buildings/wall_large_cobblestoneAlternative.png
assets/models/buildings/wall_large_cobblestoneAlternative.png.import	assets/world/buildings/wall_large_cobblestoneAlternative.png.import
assets/models/buildings/wall_large_planks.png	assets/world/buildings/wall_large_planks.png
assets/models/buildings/wall_large_planks.png.import	assets/world/buildings/wall_large_planks.png.import
assets/models/buildings/wall_large_tower.glb	assets/world/buildings/wall_large_tower.glb
assets/models/buildings/wall_large_tower.glb.import	assets/world/buildings/wall_large_tower.glb.import
assets/models/buildings/wall_large_tower_L.glb	assets/world/buildings/wall_large_tower_L.glb
assets/models/buildings/wall_large_tower_L.glb.import	assets/world/buildings/wall_large_tower_L.glb.import
assets/models/buildings/wall_large_tower_L_cobblestone.png	assets/world/buildings/wall_large_tower_L_cobblestone.png
assets/models/buildings/wall_large_tower_L_cobblestone.png.import	assets/world/buildings/wall_large_tower_L_cobblestone.png.import
assets/models/buildings/wall_large_tower_L_cobblestoneAlternative.png	assets/world/buildings/wall_large_tower_L_cobblestoneAlternative.png
assets/models/buildings/wall_large_tower_L_cobblestoneAlternative.png.import	assets/world/buildings/wall_large_tower_L_cobblestoneAlternative.png.import
assets/models/buildings/wall_large_tower_L_planks.png	assets/world/buildings/wall_large_tower_L_planks.png
assets/models/buildings/wall_large_tower_L_planks.png.import	assets/world/buildings/wall_large_tower_L_planks.png.import
assets/models/buildings/wall_large_tower_Uglb.glb	assets/world/buildings/wall_large_tower_Uglb.glb
assets/models/buildings/wall_large_tower_Uglb.glb.import	assets/world/buildings/wall_large_tower_Uglb.glb.import
assets/models/buildings/wall_large_tower_Uglb_cobblestone.png	assets/world/buildings/wall_large_tower_Uglb_cobblestone.png
assets/models/buildings/wall_large_tower_Uglb_cobblestone.png.import	assets/world/buildings/wall_large_tower_Uglb_cobblestone.png.import
assets/models/buildings/wall_large_tower_Uglb_cobblestoneAlternative.png	assets/world/buildings/wall_large_tower_Uglb_cobblestoneAlternative.png
assets/models/buildings/wall_large_tower_Uglb_cobblestoneAlternative.png.import	assets/world/buildings/wall_large_tower_Uglb_cobblestoneAlternative.png.import
assets/models/buildings/wall_large_tower_Uglb_planks.png	assets/world/buildings/wall_large_tower_Uglb_planks.png
assets/models/buildings/wall_large_tower_Uglb_planks.png.import	assets/world/buildings/wall_large_tower_Uglb_planks.png.import
assets/models/buildings/wall_large_tower_cobblestone.png	assets/world/buildings/wall_large_tower_cobblestone.png
assets/models/buildings/wall_large_tower_cobblestone.png.import	assets/world/buildings/wall_large_tower_cobblestone.png.import
assets/models/buildings/wall_large_tower_cobblestoneAlternative.png	assets/world/buildings/wall_large_tower_cobblestoneAlternative.png
assets/models/buildings/wall_large_tower_cobblestoneAlternative.png.import	assets/world/buildings/wall_large_tower_cobblestoneAlternative.png.import
assets/models/buildings/wall_large_tower_planks.png	assets/world/buildings/wall_large_tower_planks.png
assets/models/buildings/wall_large_tower_planks.png.import	assets/world/buildings/wall_large_tower_planks.png.import
assets/models/buildings/wall_medium.glb	assets/world/buildings/wall_medium.glb
assets/models/buildings/wall_medium.glb.import	assets/world/buildings/wall_medium.glb.import
assets/models/buildings/wall_medium_cobblestone.png	assets/world/buildings/wall_medium_cobblestone.png
assets/models/buildings/wall_medium_cobblestone.png.import	assets/world/buildings/wall_medium_cobblestone.png.import
assets/models/buildings/wall_medium_cobblestoneAlternative.png	assets/world/buildings/wall_medium_cobblestoneAlternative.png
assets/models/buildings/wall_medium_cobblestoneAlternative.png.import	assets/world/buildings/wall_medium_cobblestoneAlternative.png.import
assets/models/buildings/wall_medium_planks.png	assets/world/buildings/wall_medium_planks.png
assets/models/buildings/wall_medium_planks.png.import	assets/world/buildings/wall_medium_planks.png.import
assets/models/buildings/wall_small.glb	assets/world/buildings/wall_small.glb
assets/models/buildings/wall_small.glb.import	assets/world/buildings/wall_small.glb.import
assets/models/buildings/wall_small_cobblestone.png	assets/world/buildings/wall_small_cobblestone.png
assets/models/buildings/wall_small_cobblestone.png.import	assets/world/buildings/wall_small_cobblestone.png.import
assets/models/buildings/wall_small_cobblestoneAlternative.png	assets/world/buildings/wall_small_cobblestoneAlternative.png
assets/models/buildings/wall_small_cobblestoneAlternative.png.import	assets/world/buildings/wall_small_cobblestoneAlternative.png.import
assets/models/buildings/wall_small_planks.png	assets/world/buildings/wall_small_planks.png
assets/models/buildings/wall_small_planks.png.import	assets/world/buildings/wall_small_planks.png.import
assets/models/buildings/warehouse.glb	assets/world/buildings/warehouse.glb
assets/models/buildings/warehouse.glb.import	assets/world/buildings/warehouse.glb.import
assets/models/buildings/warehouse_cluster.glb	assets/world/buildings/warehouse_cluster.glb
assets/models/buildings/warehouse_cluster.glb.import	assets/world/buildings/warehouse_cluster.glb.import
assets/models/buildings/warehouse_cluster_houses.png	assets/world/buildings/warehouse_cluster_houses.png
assets/models/buildings/warehouse_cluster_houses.png.import	assets/world/buildings/warehouse_cluster_houses.png.import
assets/models/buildings/warehouse_houses.png	assets/world/buildings/warehouse_houses.png
assets/models/buildings/warehouse_houses.png.import	assets/world/buildings/warehouse_houses.png.import
assets/models/buildings/watch_tower.glb	assets/world/buildings/watch_tower.glb
assets/models/buildings/watch_tower.glb.import	assets/world/buildings/watch_tower.glb.import
assets/models/buildings/watch_tower_cobblestone.png	assets/world/buildings/watch_tower_cobblestone.png
assets/models/buildings/watch_tower_cobblestone.png.import	assets/world/buildings/watch_tower_cobblestone.png.import
assets/models/buildings/watch_tower_cobblestoneAlternative.png	assets/world/buildings/watch_tower_cobblestoneAlternative.png
assets/models/buildings/watch_tower_cobblestoneAlternative.png.import	assets/world/buildings/watch_tower_cobblestoneAlternative.png.import
assets/models/buildings/weapon stall.glb	assets/world/buildings/weapon stall.glb
assets/models/buildings/weapon stall.glb.import	assets/world/buildings/weapon stall.glb.import
assets/models/buildings/weapon stall_wooden_crate1.png	assets/world/buildings/weapon stall_wooden_crate1.png
assets/models/buildings/weapon stall_wooden_crate1.png.import	assets/world/buildings/weapon stall_wooden_crate1.png.import
assets/models/buildings/weapon stall_woodenfloor.png	assets/world/buildings/weapon stall_woodenfloor.png
assets/models/buildings/weapon stall_woodenfloor.png.import	assets/world/buildings/weapon stall_woodenfloor.png.import
assets/models/buildings/weapons_merchant_stall.glb	assets/world/buildings/weapons_merchant_stall.glb
assets/models/buildings/weapons_merchant_stall.glb.import	assets/world/buildings/weapons_merchant_stall.glb.import
assets/models/buildings/weapons_merchant_stall_houses.png	assets/world/buildings/weapons_merchant_stall_houses.png
assets/models/buildings/weapons_merchant_stall_houses.png.import	assets/world/buildings/weapons_merchant_stall_houses.png.import
assets/models/buildings/weapons_merchant_stall_wooden_crate1.png	assets/world/buildings/weapons_merchant_stall_wooden_crate1.png
assets/models/buildings/weapons_merchant_stall_wooden_crate1.png.import	assets/world/buildings/weapons_merchant_stall_wooden_crate1.png.import
assets/models/buildings/weapons_merchant_stall_woodenfloor.png	assets/world/buildings/weapons_merchant_stall_woodenfloor.png
assets/models/buildings/weapons_merchant_stall_woodenfloor.png.import	assets/world/buildings/weapons_merchant_stall_woodenfloor.png.import
assets/models/buildings/windmill.blend	assets/world/buildings/windmill.blend
assets/models/buildings/windmill.blend.import	assets/world/buildings/windmill.blend.import
assets/models/buildings/windmill.glb	assets/world/buildings/windmill.glb
assets/models/buildings/windmill.glb.import	assets/world/buildings/windmill.glb.import
assets/models/buildings/windmill_houses.png	assets/world/buildings/windmill_houses.png
assets/models/buildings/windmill_houses.png.import	assets/world/buildings/windmill_houses.png.import
assets/models/buildings/wooden_outpost_tower.blend	assets/world/buildings/wooden_outpost_tower.blend
assets/models/buildings/wooden_outpost_tower.blend.import	assets/world/buildings/wooden_outpost_tower.blend.import
assets/models/buildings/wooden_outpost_tower.glb	assets/world/buildings/wooden_outpost_tower.glb
assets/models/buildings/wooden_outpost_tower.glb.import	assets/world/buildings/wooden_outpost_tower.glb.import
assets/models/buildings/wooden_outpost_tower_leaves_full.png	assets/world/buildings/wooden_outpost_tower_leaves_full.png
assets/models/buildings/wooden_outpost_tower_leaves_full.png.import	assets/world/buildings/wooden_outpost_tower_leaves_full.png.import
assets/models/buildings/wooden_outpost_tower_wood.png	assets/world/buildings/wooden_outpost_tower_wood.png
assets/models/buildings/wooden_outpost_tower_wood.png.import	assets/world/buildings/wooden_outpost_tower_wood.png.import
assets/models/caves/cave_entrance_1exit.glb	assets/world/caves/cave_entrance_1exit.glb
assets/models/caves/cave_entrance_1exit.glb.import	assets/world/caves/cave_entrance_1exit.glb.import
assets/models/caves/cave_entrance_1exit_stonewall.png	assets/world/caves/cave_entrance_1exit_stonewall.png
assets/models/caves/cave_entrance_1exit_stonewall.png.import	assets/world/caves/cave_entrance_1exit_stonewall.png.import
assets/models/caves/cave_modular_kit.blend	assets/world/caves/cave_modular_kit.blend
assets/models/caves/cave_modular_kit.blend.import	assets/world/caves/cave_modular_kit.blend.import
assets/models/caves/cave_piece_01.glb	assets/world/caves/cave_piece_01.glb
assets/models/caves/cave_piece_01.glb.import	assets/world/caves/cave_piece_01.glb.import
assets/models/caves/cave_piece_01_mine_baseColor.png	assets/world/caves/cave_piece_01_mine_baseColor.png
assets/models/caves/cave_piece_01_mine_baseColor.png.import	assets/world/caves/cave_piece_01_mine_baseColor.png.import
assets/models/caves/cave_piece_01_mine_normal.png	assets/world/caves/cave_piece_01_mine_normal.png
assets/models/caves/cave_piece_01_mine_normal.png.import	assets/world/caves/cave_piece_01_mine_normal.png.import
assets/models/caves/cave_piece_02.glb	assets/world/caves/cave_piece_02.glb
assets/models/caves/cave_piece_02.glb.import	assets/world/caves/cave_piece_02.glb.import
assets/models/caves/cave_piece_02_mine_baseColor.png	assets/world/caves/cave_piece_02_mine_baseColor.png
assets/models/caves/cave_piece_02_mine_baseColor.png.import	assets/world/caves/cave_piece_02_mine_baseColor.png.import
assets/models/caves/cave_piece_02_mine_normal.png	assets/world/caves/cave_piece_02_mine_normal.png
assets/models/caves/cave_piece_02_mine_normal.png.import	assets/world/caves/cave_piece_02_mine_normal.png.import
assets/models/caves/cave_piece_03.glb	assets/world/caves/cave_piece_03.glb
assets/models/caves/cave_piece_03.glb.import	assets/world/caves/cave_piece_03.glb.import
assets/models/caves/cave_piece_03_mine_baseColor.png	assets/world/caves/cave_piece_03_mine_baseColor.png
assets/models/caves/cave_piece_03_mine_baseColor.png.import	assets/world/caves/cave_piece_03_mine_baseColor.png.import
assets/models/caves/cave_piece_03_mine_normal.png	assets/world/caves/cave_piece_03_mine_normal.png
assets/models/caves/cave_piece_03_mine_normal.png.import	assets/world/caves/cave_piece_03_mine_normal.png.import
assets/models/caves/cave_piece_04.glb	assets/world/caves/cave_piece_04.glb
assets/models/caves/cave_piece_04.glb.import	assets/world/caves/cave_piece_04.glb.import
assets/models/caves/cave_piece_04_mine_baseColor.png	assets/world/caves/cave_piece_04_mine_baseColor.png
assets/models/caves/cave_piece_04_mine_baseColor.png.import	assets/world/caves/cave_piece_04_mine_baseColor.png.import
assets/models/caves/cave_piece_04_mine_normal.png	assets/world/caves/cave_piece_04_mine_normal.png
assets/models/caves/cave_piece_04_mine_normal.png.import	assets/world/caves/cave_piece_04_mine_normal.png.import
assets/models/caves/cave_piece_05.glb	assets/world/caves/cave_piece_05.glb
assets/models/caves/cave_piece_05.glb.import	assets/world/caves/cave_piece_05.glb.import
assets/models/caves/cave_piece_05_mine_baseColor.png	assets/world/caves/cave_piece_05_mine_baseColor.png
assets/models/caves/cave_piece_05_mine_baseColor.png.import	assets/world/caves/cave_piece_05_mine_baseColor.png.import
assets/models/caves/cave_piece_05_mine_normal.png	assets/world/caves/cave_piece_05_mine_normal.png
assets/models/caves/cave_piece_05_mine_normal.png.import	assets/world/caves/cave_piece_05_mine_normal.png.import
assets/models/caves/cave_piece_06.glb	assets/world/caves/cave_piece_06.glb
assets/models/caves/cave_piece_06.glb.import	assets/world/caves/cave_piece_06.glb.import
assets/models/caves/cave_piece_06_mine_baseColor.png	assets/world/caves/cave_piece_06_mine_baseColor.png
assets/models/caves/cave_piece_06_mine_baseColor.png.import	assets/world/caves/cave_piece_06_mine_baseColor.png.import
assets/models/caves/cave_piece_06_mine_normal.png	assets/world/caves/cave_piece_06_mine_normal.png
assets/models/caves/cave_piece_06_mine_normal.png.import	assets/world/caves/cave_piece_06_mine_normal.png.import
assets/models/caves/cave_piece_07.glb	assets/world/caves/cave_piece_07.glb
assets/models/caves/cave_piece_07.glb.import	assets/world/caves/cave_piece_07.glb.import
assets/models/caves/cave_piece_07_mine_baseColor.png	assets/world/caves/cave_piece_07_mine_baseColor.png
assets/models/caves/cave_piece_07_mine_baseColor.png.import	assets/world/caves/cave_piece_07_mine_baseColor.png.import
assets/models/caves/cave_piece_07_mine_normal.png	assets/world/caves/cave_piece_07_mine_normal.png
assets/models/caves/cave_piece_07_mine_normal.png.import	assets/world/caves/cave_piece_07_mine_normal.png.import
assets/models/caves/cave_piece_08.glb	assets/world/caves/cave_piece_08.glb
assets/models/caves/cave_piece_08.glb.import	assets/world/caves/cave_piece_08.glb.import
assets/models/caves/cave_piece_08_mine_baseColor.png	assets/world/caves/cave_piece_08_mine_baseColor.png
assets/models/caves/cave_piece_08_mine_baseColor.png.import	assets/world/caves/cave_piece_08_mine_baseColor.png.import
assets/models/caves/cave_piece_08_mine_normal.png	assets/world/caves/cave_piece_08_mine_normal.png
assets/models/caves/cave_piece_08_mine_normal.png.import	assets/world/caves/cave_piece_08_mine_normal.png.import
assets/models/caves/cave_piece_09.glb	assets/world/caves/cave_piece_09.glb
assets/models/caves/cave_piece_09.glb.import	assets/world/caves/cave_piece_09.glb.import
assets/models/caves/cave_piece_09_mine_baseColor.png	assets/world/caves/cave_piece_09_mine_baseColor.png
assets/models/caves/cave_piece_09_mine_baseColor.png.import	assets/world/caves/cave_piece_09_mine_baseColor.png.import
assets/models/caves/cave_piece_09_mine_normal.png	assets/world/caves/cave_piece_09_mine_normal.png
assets/models/caves/cave_piece_09_mine_normal.png.import	assets/world/caves/cave_piece_09_mine_normal.png.import
assets/models/caves/cave_piece_10.glb	assets/world/caves/cave_piece_10.glb
assets/models/caves/cave_piece_10.glb.import	assets/world/caves/cave_piece_10.glb.import
assets/models/caves/cave_piece_10_mine_baseColor.png	assets/world/caves/cave_piece_10_mine_baseColor.png
assets/models/caves/cave_piece_10_mine_baseColor.png.import	assets/world/caves/cave_piece_10_mine_baseColor.png.import
assets/models/caves/cave_piece_10_mine_normal.png	assets/world/caves/cave_piece_10_mine_normal.png
assets/models/caves/cave_piece_10_mine_normal.png.import	assets/world/caves/cave_piece_10_mine_normal.png.import
assets/models/caves/cave_piece_11.glb	assets/world/caves/cave_piece_11.glb
assets/models/caves/cave_piece_11.glb.import	assets/world/caves/cave_piece_11.glb.import
assets/models/caves/cave_piece_11_mine_baseColor.png	assets/world/caves/cave_piece_11_mine_baseColor.png
assets/models/caves/cave_piece_11_mine_baseColor.png.import	assets/world/caves/cave_piece_11_mine_baseColor.png.import
assets/models/caves/cave_piece_11_mine_normal.png	assets/world/caves/cave_piece_11_mine_normal.png
assets/models/caves/cave_piece_11_mine_normal.png.import	assets/world/caves/cave_piece_11_mine_normal.png.import
assets/models/caves/cave_piece_12.glb	assets/world/caves/cave_piece_12.glb
assets/models/caves/cave_piece_12.glb.import	assets/world/caves/cave_piece_12.glb.import
assets/models/caves/cave_piece_12_mine_baseColor.png	assets/world/caves/cave_piece_12_mine_baseColor.png
assets/models/caves/cave_piece_12_mine_baseColor.png.import	assets/world/caves/cave_piece_12_mine_baseColor.png.import
assets/models/caves/cave_piece_12_mine_normal.png	assets/world/caves/cave_piece_12_mine_normal.png
assets/models/caves/cave_piece_12_mine_normal.png.import	assets/world/caves/cave_piece_12_mine_normal.png.import
assets/models/caves/cave_piece_13.glb	assets/world/caves/cave_piece_13.glb
assets/models/caves/cave_piece_13.glb.import	assets/world/caves/cave_piece_13.glb.import
assets/models/caves/cave_piece_13_mine_baseColor.png	assets/world/caves/cave_piece_13_mine_baseColor.png
assets/models/caves/cave_piece_13_mine_baseColor.png.import	assets/world/caves/cave_piece_13_mine_baseColor.png.import
assets/models/caves/cave_piece_13_mine_normal.png	assets/world/caves/cave_piece_13_mine_normal.png
assets/models/caves/cave_piece_13_mine_normal.png.import	assets/world/caves/cave_piece_13_mine_normal.png.import
assets/models/caves/cave_pieces_all.blend	assets/world/caves/cave_pieces_all.blend
assets/models/caves/cave_pieces_all.blend.import	assets/world/caves/cave_pieces_all.blend.import
assets/models/caves/custom_cave_1.glb	assets/world/caves/custom_cave_1.glb
assets/models/caves/custom_cave_1.glb.import	assets/world/caves/custom_cave_1.glb.import
assets/models/caves/custom_cave_1_mine_baseColor.png	assets/world/caves/custom_cave_1_mine_baseColor.png
assets/models/caves/custom_cave_1_mine_baseColor.png.import	assets/world/caves/custom_cave_1_mine_baseColor.png.import
assets/models/caves/custom_cave_1_mine_normal.png	assets/world/caves/custom_cave_1_mine_normal.png
assets/models/caves/custom_cave_1_mine_normal.png.import	assets/world/caves/custom_cave_1_mine_normal.png.import
assets/models/citizens/glb/citizen_boy.glb	assets/characters/citizens/glb/citizen_boy.glb
assets/models/citizens/glb/citizen_boy.glb.import	assets/characters/citizens/glb/citizen_boy.glb.import
assets/models/citizens/glb/citizen_girl.glb	assets/characters/citizens/glb/citizen_girl.glb
assets/models/citizens/glb/citizen_girl.glb.import	assets/characters/citizens/glb/citizen_girl.glb.import
assets/models/citizens/glb/citizen_man.glb	assets/characters/citizens/glb/citizen_man.glb
assets/models/citizens/glb/citizen_man.glb.import	assets/characters/citizens/glb/citizen_man.glb.import
assets/models/citizens/glb/citizen_woman.glb	assets/characters/citizens/glb/citizen_woman.glb
assets/models/citizens/glb/citizen_woman.glb.import	assets/characters/citizens/glb/citizen_woman.glb.import
assets/models/citizens/src/.gdignore	assets/characters/citizens/src/.gdignore
assets/models/citizens/src/_stage01_base.blend	assets/characters/citizens/src/_stage01_base.blend
assets/models/citizens/src/_stage04_masters.blend	assets/characters/citizens/src/_stage04_masters.blend
assets/models/citizens/src/_stage05_garb.blend	assets/characters/citizens/src/_stage05_garb.blend
assets/models/citizens/src/citizen_face_atlas_placeholder.png	assets/characters/citizens/src/citizen_face_atlas_placeholder.png
assets/models/citizens/src/citizen_garb_palette_placeholder.png	assets/characters/citizens/src/citizen_garb_palette_placeholder.png
assets/models/citizens/src/citizen_hair_palette_placeholder.png	assets/characters/citizens/src/citizen_hair_palette_placeholder.png
assets/models/citizens/src/citizens_master.blend	assets/characters/citizens/src/citizens_master.blend
assets/models/citizens/textures/citizen_face_atlas.png	assets/characters/citizens/textures/citizen_face_atlas.png
assets/models/citizens/textures/citizen_face_atlas.png.import	assets/characters/citizens/textures/citizen_face_atlas.png.import
assets/models/citizens/textures/citizen_garb_palette.png	assets/characters/citizens/textures/citizen_garb_palette.png
assets/models/citizens/textures/citizen_garb_palette.png.import	assets/characters/citizens/textures/citizen_garb_palette.png.import
assets/models/citizens/textures/citizen_hair_palette.png	assets/characters/citizens/textures/citizen_hair_palette.png
assets/models/citizens/textures/citizen_hair_palette.png.import	assets/characters/citizens/textures/citizen_hair_palette.png.import
assets/models/decorations/ancient_statue.glb	assets/world/props/ancient_statue.glb
assets/models/decorations/ancient_statue.glb.import	assets/world/props/ancient_statue.glb.import
assets/models/decorations/ancient_statue_monastary_floor_outside1.png	assets/world/props/ancient_statue_monastary_floor_outside1.png
assets/models/decorations/ancient_statue_monastary_floor_outside1.png.import	assets/world/props/ancient_statue_monastary_floor_outside1.png.import
assets/models/dwarven/bridge/bridge_pillared.obj	assets/world/dwarven/bridge/bridge_pillared.obj
assets/models/dwarven/bridge/bridge_pillared.obj.import	assets/world/dwarven/bridge/bridge_pillared.obj.import
assets/models/dwarven/bridge/bridge_ramp.obj	assets/world/dwarven/bridge/bridge_ramp.obj
assets/models/dwarven/bridge/bridge_ramp.obj.import	assets/world/dwarven/bridge/bridge_ramp.obj.import
assets/models/dwarven/bridge/bridge_straight.obj	assets/world/dwarven/bridge/bridge_straight.obj
assets/models/dwarven/bridge/bridge_straight.obj.import	assets/world/dwarven/bridge/bridge_straight.obj.import
assets/models/dwarven/bridge/bridge_wide.obj	assets/world/dwarven/bridge/bridge_wide.obj
assets/models/dwarven/bridge/bridge_wide.obj.import	assets/world/dwarven/bridge/bridge_wide.obj.import
assets/models/dwarven/bridge/checkpoint.obj	assets/world/dwarven/bridge/checkpoint.obj
assets/models/dwarven/bridge/checkpoint.obj.import	assets/world/dwarven/bridge/checkpoint.obj.import
assets/models/dwarven/bridge/guard_post.obj	assets/world/dwarven/bridge/guard_post.obj
assets/models/dwarven/bridge/guard_post.obj.import	assets/world/dwarven/bridge/guard_post.obj.import
assets/models/dwarven/bridge/kazans_span_bridge.blend	assets/world/dwarven/bridge/kazans_span_bridge.blend
assets/models/dwarven/bridge/kazans_span_bridge.blend.import	assets/world/dwarven/bridge/kazans_span_bridge.blend.import
assets/models/dwarven/bridge/kazans_span_bridge.glb	assets/world/dwarven/bridge/kazans_span_bridge.glb
assets/models/dwarven/bridge/kazans_span_bridge.glb.import	assets/world/dwarven/bridge/kazans_span_bridge.glb.import
assets/models/dwarven/bridge/obelisk.obj	assets/world/dwarven/bridge/obelisk.obj
assets/models/dwarven/bridge/obelisk.obj.import	assets/world/dwarven/bridge/obelisk.obj.import
assets/models/dwarven/bridge/pillar_ornate.obj	assets/world/dwarven/bridge/pillar_ornate.obj
assets/models/dwarven/bridge/pillar_ornate.obj.import	assets/world/dwarven/bridge/pillar_ornate.obj.import
assets/models/dwarven/bridge/pillar_ruined.obj	assets/world/dwarven/bridge/pillar_ruined.obj
assets/models/dwarven/bridge/pillar_ruined.obj.import	assets/world/dwarven/bridge/pillar_ruined.obj.import
assets/models/dwarven/bridge/pillar_simple.obj	assets/world/dwarven/bridge/pillar_simple.obj
assets/models/dwarven/bridge/pillar_simple.obj.import	assets/world/dwarven/bridge/pillar_simple.obj.import
assets/models/dwarven/bridge/pillar_support.obj	assets/world/dwarven/bridge/pillar_support.obj
assets/models/dwarven/bridge/pillar_support.obj.import	assets/world/dwarven/bridge/pillar_support.obj.import
assets/models/dwarven/bridge/statue_king.obj	assets/world/dwarven/bridge/statue_king.obj
assets/models/dwarven/bridge/statue_king.obj.import	assets/world/dwarven/bridge/statue_king.obj.import
assets/models/dwarven/bridge/statue_miner.obj	assets/world/dwarven/bridge/statue_miner.obj
assets/models/dwarven/bridge/statue_miner.obj.import	assets/world/dwarven/bridge/statue_miner.obj.import
assets/models/dwarven/bridge/statue_warrior.obj	assets/world/dwarven/bridge/statue_warrior.obj
assets/models/dwarven/bridge/statue_warrior.obj.import	assets/world/dwarven/bridge/statue_warrior.obj.import
assets/models/dwarven/bridge/torch_sconce.obj	assets/world/dwarven/bridge/torch_sconce.obj
assets/models/dwarven/bridge/torch_sconce.obj.import	assets/world/dwarven/bridge/torch_sconce.obj.import
assets/models/dwarven/bridge/watchtower_base.obj	assets/world/dwarven/bridge/watchtower_base.obj
assets/models/dwarven/bridge/watchtower_base.obj.import	assets/world/dwarven/bridge/watchtower_base.obj.import
assets/models/dwarven/forge/anvil_large.obj	assets/world/dwarven/forge/anvil_large.obj
assets/models/dwarven/forge/anvil_large.obj.import	assets/world/dwarven/forge/anvil_large.obj.import
assets/models/dwarven/forge/anvil_standard.obj	assets/world/dwarven/forge/anvil_standard.obj
assets/models/dwarven/forge/anvil_standard.obj.import	assets/world/dwarven/forge/anvil_standard.obj.import
assets/models/dwarven/forge/anvil_stump.obj	assets/world/dwarven/forge/anvil_stump.obj
assets/models/dwarven/forge/anvil_stump.obj.import	assets/world/dwarven/forge/anvil_stump.obj.import
assets/models/dwarven/forge/bellows_floor.obj	assets/world/dwarven/forge/bellows_floor.obj
assets/models/dwarven/forge/bellows_floor.obj.import	assets/world/dwarven/forge/bellows_floor.obj.import
assets/models/dwarven/forge/bellows_hand.obj	assets/world/dwarven/forge/bellows_hand.obj
assets/models/dwarven/forge/bellows_hand.obj.import	assets/world/dwarven/forge/bellows_hand.obj.import
assets/models/dwarven/forge/bellows_large.obj	assets/world/dwarven/forge/bellows_large.obj
assets/models/dwarven/forge/bellows_large.obj.import	assets/world/dwarven/forge/bellows_large.obj.import
assets/models/dwarven/forge/coal_pile.obj	assets/world/dwarven/forge/coal_pile.obj
assets/models/dwarven/forge/coal_pile.obj.import	assets/world/dwarven/forge/coal_pile.obj.import
assets/models/dwarven/forge/furnace_large.obj	assets/world/dwarven/forge/furnace_large.obj
assets/models/dwarven/forge/furnace_large.obj.import	assets/world/dwarven/forge/furnace_large.obj.import
assets/models/dwarven/forge/furnace_small.obj	assets/world/dwarven/forge/furnace_small.obj
assets/models/dwarven/forge/furnace_small.obj.import	assets/world/dwarven/forge/furnace_small.obj.import
assets/models/dwarven/forge/grinding_wheel.obj	assets/world/dwarven/forge/grinding_wheel.obj
assets/models/dwarven/forge/grinding_wheel.obj.import	assets/world/dwarven/forge/grinding_wheel.obj.import
assets/models/dwarven/forge/hammer.obj	assets/world/dwarven/forge/hammer.obj
assets/models/dwarven/forge/hammer.obj.import	assets/world/dwarven/forge/hammer.obj.import
assets/models/dwarven/forge/ingot_stack.obj	assets/world/dwarven/forge/ingot_stack.obj
assets/models/dwarven/forge/ingot_stack.obj.import	assets/world/dwarven/forge/ingot_stack.obj.import
assets/models/dwarven/forge/kiln.obj	assets/world/dwarven/forge/kiln.obj
assets/models/dwarven/forge/kiln.obj.import	assets/world/dwarven/forge/kiln.obj.import
assets/models/dwarven/forge/quench_tank.obj	assets/world/dwarven/forge/quench_tank.obj
assets/models/dwarven/forge/quench_tank.obj.import	assets/world/dwarven/forge/quench_tank.obj.import
assets/models/dwarven/forge/rack_standing.obj	assets/world/dwarven/forge/rack_standing.obj
assets/models/dwarven/forge/rack_standing.obj.import	assets/world/dwarven/forge/rack_standing.obj.import
assets/models/dwarven/forge/rack_wall.obj	assets/world/dwarven/forge/rack_wall.obj
assets/models/dwarven/forge/rack_wall.obj.import	assets/world/dwarven/forge/rack_wall.obj.import
assets/models/dwarven/forge/rack_weapons.obj	assets/world/dwarven/forge/rack_weapons.obj
assets/models/dwarven/forge/rack_weapons.obj.import	assets/world/dwarven/forge/rack_weapons.obj.import
assets/models/dwarven/forge/smelter.obj	assets/world/dwarven/forge/smelter.obj
assets/models/dwarven/forge/smelter.obj.import	assets/world/dwarven/forge/smelter.obj.import
assets/models/dwarven/forge/tongs.obj	assets/world/dwarven/forge/tongs.obj
assets/models/dwarven/forge/tongs.obj.import	assets/world/dwarven/forge/tongs.obj.import
assets/models/dwarven/market/cart_hand.obj	assets/world/dwarven/market/cart_hand.obj
assets/models/dwarven/market/cart_hand.obj.import	assets/world/dwarven/market/cart_hand.obj.import
assets/models/dwarven/market/cart_mine.obj	assets/world/dwarven/market/cart_mine.obj
assets/models/dwarven/market/cart_mine.obj.import	assets/world/dwarven/market/cart_mine.obj.import
assets/models/dwarven/market/cart_wagon.obj	assets/world/dwarven/market/cart_wagon.obj
assets/models/dwarven/market/cart_wagon.obj.import	assets/world/dwarven/market/cart_wagon.obj.import
assets/models/dwarven/market/crate_large.obj	assets/world/dwarven/market/crate_large.obj
assets/models/dwarven/market/crate_large.obj.import	assets/world/dwarven/market/crate_large.obj.import
assets/models/dwarven/market/crate_medium.obj	assets/world/dwarven/market/crate_medium.obj
assets/models/dwarven/market/crate_medium.obj.import	assets/world/dwarven/market/crate_medium.obj.import
assets/models/dwarven/market/crate_open.obj	assets/world/dwarven/market/crate_open.obj
assets/models/dwarven/market/crate_open.obj.import	assets/world/dwarven/market/crate_open.obj.import
assets/models/dwarven/market/crate_small.obj	assets/world/dwarven/market/crate_small.obj
assets/models/dwarven/market/crate_small.obj.import	assets/world/dwarven/market/crate_small.obj.import
assets/models/dwarven/market/crate_stack.obj	assets/world/dwarven/market/crate_stack.obj
assets/models/dwarven/market/crate_stack.obj.import	assets/world/dwarven/market/crate_stack.obj.import
assets/models/dwarven/market/sack_grain.obj	assets/world/dwarven/market/sack_grain.obj
assets/models/dwarven/market/sack_grain.obj.import	assets/world/dwarven/market/sack_grain.obj.import
assets/models/dwarven/market/sack_pile.obj	assets/world/dwarven/market/sack_pile.obj
assets/models/dwarven/market/sack_pile.obj.import	assets/world/dwarven/market/sack_pile.obj.import
assets/models/dwarven/market/sack_single.obj	assets/world/dwarven/market/sack_single.obj
assets/models/dwarven/market/sack_single.obj.import	assets/world/dwarven/market/sack_single.obj.import
assets/models/dwarven/market/scales.obj	assets/world/dwarven/market/scales.obj
assets/models/dwarven/market/scales.obj.import	assets/world/dwarven/market/scales.obj.import
assets/models/dwarven/market/sign_arrow.obj	assets/world/dwarven/market/sign_arrow.obj
assets/models/dwarven/market/sign_arrow.obj.import	assets/world/dwarven/market/sign_arrow.obj.import
assets/models/dwarven/market/sign_hanging.obj	assets/world/dwarven/market/sign_hanging.obj
assets/models/dwarven/market/sign_hanging.obj.import	assets/world/dwarven/market/sign_hanging.obj.import
assets/models/dwarven/market/sign_post.obj	assets/world/dwarven/market/sign_post.obj
assets/models/dwarven/market/sign_post.obj.import	assets/world/dwarven/market/sign_post.obj.import
assets/models/dwarven/market/stall_basic.obj	assets/world/dwarven/market/stall_basic.obj
assets/models/dwarven/market/stall_basic.obj.import	assets/world/dwarven/market/stall_basic.obj.import
assets/models/dwarven/market/stall_covered.obj	assets/world/dwarven/market/stall_covered.obj
assets/models/dwarven/market/stall_covered.obj.import	assets/world/dwarven/market/stall_covered.obj.import
assets/models/dwarven/market/stall_food.obj	assets/world/dwarven/market/stall_food.obj
assets/models/dwarven/market/stall_food.obj.import	assets/world/dwarven/market/stall_food.obj.import
assets/models/dwarven/market/stall_weapons.obj	assets/world/dwarven/market/stall_weapons.obj
assets/models/dwarven/market/stall_weapons.obj.import	assets/world/dwarven/market/stall_weapons.obj.import
assets/models/dwarven/market/wheelbarrow.obj	assets/world/dwarven/market/wheelbarrow.obj
assets/models/dwarven/market/wheelbarrow.obj.import	assets/world/dwarven/market/wheelbarrow.obj.import
assets/models/dwarven/residential/barrel_ale.obj	assets/world/dwarven/residential/barrel_ale.obj
assets/models/dwarven/residential/barrel_ale.obj.import	assets/world/dwarven/residential/barrel_ale.obj.import
assets/models/dwarven/residential/barrel_small.obj	assets/world/dwarven/residential/barrel_small.obj
assets/models/dwarven/residential/barrel_small.obj.import	assets/world/dwarven/residential/barrel_small.obj.import
assets/models/dwarven/residential/barrel_stack.obj	assets/world/dwarven/residential/barrel_stack.obj
assets/models/dwarven/residential/barrel_stack.obj.import	assets/world/dwarven/residential/barrel_stack.obj.import
assets/models/dwarven/residential/barrel_standard.obj	assets/world/dwarven/residential/barrel_standard.obj
assets/models/dwarven/residential/barrel_standard.obj.import	assets/world/dwarven/residential/barrel_standard.obj.import
assets/models/dwarven/residential/bed_bunk.obj	assets/world/dwarven/residential/bed_bunk.obj
assets/models/dwarven/residential/bed_bunk.obj.import	assets/world/dwarven/residential/bed_bunk.obj.import
assets/models/dwarven/residential/bed_double.obj	assets/world/dwarven/residential/bed_double.obj
assets/models/dwarven/residential/bed_double.obj.import	assets/world/dwarven/residential/bed_double.obj.import
assets/models/dwarven/residential/bed_single.obj	assets/world/dwarven/residential/bed_single.obj
assets/models/dwarven/residential/bed_single.obj.import	assets/world/dwarven/residential/bed_single.obj.import
assets/models/dwarven/residential/bench_long.obj	assets/world/dwarven/residential/bench_long.obj
assets/models/dwarven/residential/bench_long.obj.import	assets/world/dwarven/residential/bench_long.obj.import
assets/models/dwarven/residential/bench_simple.obj	assets/world/dwarven/residential/bench_simple.obj
assets/models/dwarven/residential/bench_simple.obj.import	assets/world/dwarven/residential/bench_simple.obj.import
assets/models/dwarven/residential/bench_stone.obj	assets/world/dwarven/residential/bench_stone.obj
assets/models/dwarven/residential/bench_stone.obj.import	assets/world/dwarven/residential/bench_stone.obj.import
assets/models/dwarven/residential/chair_dwarven.obj	assets/world/dwarven/residential/chair_dwarven.obj
assets/models/dwarven/residential/chair_dwarven.obj.import	assets/world/dwarven/residential/chair_dwarven.obj.import
assets/models/dwarven/residential/hearth_cooking.obj	assets/world/dwarven/residential/hearth_cooking.obj
assets/models/dwarven/residential/hearth_cooking.obj.import	assets/world/dwarven/residential/hearth_cooking.obj.import
assets/models/dwarven/residential/hearth_large.obj	assets/world/dwarven/residential/hearth_large.obj
assets/models/dwarven/residential/hearth_large.obj.import	assets/world/dwarven/residential/hearth_large.obj.import
assets/models/dwarven/residential/hearth_small.obj	assets/world/dwarven/residential/hearth_small.obj
assets/models/dwarven/residential/hearth_small.obj.import	assets/world/dwarven/residential/hearth_small.obj.import
assets/models/dwarven/residential/shelf_wall.obj	assets/world/dwarven/residential/shelf_wall.obj
assets/models/dwarven/residential/shelf_wall.obj.import	assets/world/dwarven/residential/shelf_wall.obj.import
assets/models/dwarven/residential/table_feast.obj	assets/world/dwarven/residential/table_feast.obj
assets/models/dwarven/residential/table_feast.obj.import	assets/world/dwarven/residential/table_feast.obj.import
assets/models/dwarven/residential/table_round.obj	assets/world/dwarven/residential/table_round.obj
assets/models/dwarven/residential/table_round.obj.import	assets/world/dwarven/residential/table_round.obj.import
assets/models/dwarven/residential/table_small.obj	assets/world/dwarven/residential/table_small.obj
assets/models/dwarven/residential/table_small.obj.import	assets/world/dwarven/residential/table_small.obj.import
assets/models/dwarven/residential/table_work.obj	assets/world/dwarven/residential/table_work.obj
assets/models/dwarven/residential/table_work.obj.import	assets/world/dwarven/residential/table_work.obj.import
assets/models/dwarven/residential/throne.obj	assets/world/dwarven/residential/throne.obj
assets/models/dwarven/residential/throne.obj.import	assets/world/dwarven/residential/throne.obj.import
assets/models/dwarven/residential/wardrobe.obj	assets/world/dwarven/residential/wardrobe.obj
assets/models/dwarven/residential/wardrobe.obj.import	assets/world/dwarven/residential/wardrobe.obj.import
assets/models/dwarven/vault/chest_large.obj	assets/world/dwarven/vault/chest_large.obj
assets/models/dwarven/vault/chest_large.obj.import	assets/world/dwarven/vault/chest_large.obj.import
assets/models/dwarven/vault/chest_medium.obj	assets/world/dwarven/vault/chest_medium.obj
assets/models/dwarven/vault/chest_medium.obj.import	assets/world/dwarven/vault/chest_medium.obj.import
assets/models/dwarven/vault/chest_open.obj	assets/world/dwarven/vault/chest_open.obj
assets/models/dwarven/vault/chest_open.obj.import	assets/world/dwarven/vault/chest_open.obj.import
assets/models/dwarven/vault/chest_small.obj	assets/world/dwarven/vault/chest_small.obj
assets/models/dwarven/vault/chest_small.obj.import	assets/world/dwarven/vault/chest_small.obj.import
assets/models/dwarven/vault/door_vault_heavy.obj	assets/world/dwarven/vault/door_vault_heavy.obj
assets/models/dwarven/vault/door_vault_heavy.obj.import	assets/world/dwarven/vault/door_vault_heavy.obj.import
assets/models/dwarven/vault/door_vault_ornate.obj	assets/world/dwarven/vault/door_vault_ornate.obj
assets/models/dwarven/vault/door_vault_ornate.obj.import	assets/world/dwarven/vault/door_vault_ornate.obj.import
assets/models/dwarven/vault/door_vault_simple.obj	assets/world/dwarven/vault/door_vault_simple.obj
assets/models/dwarven/vault/door_vault_simple.obj.import	assets/world/dwarven/vault/door_vault_simple.obj.import
assets/models/dwarven/vault/gate_portcullis.obj	assets/world/dwarven/vault/gate_portcullis.obj
assets/models/dwarven/vault/gate_portcullis.obj.import	assets/world/dwarven/vault/gate_portcullis.obj.import
assets/models/dwarven/vault/pedestal.obj	assets/world/dwarven/vault/pedestal.obj
assets/models/dwarven/vault/pedestal.obj.import	assets/world/dwarven/vault/pedestal.obj.import
assets/models/dwarven/vault/rune_floor.obj	assets/world/dwarven/vault/rune_floor.obj
assets/models/dwarven/vault/rune_floor.obj.import	assets/world/dwarven/vault/rune_floor.obj.import
assets/models/dwarven/vault/rune_pillar.obj	assets/world/dwarven/vault/rune_pillar.obj
assets/models/dwarven/vault/rune_pillar.obj.import	assets/world/dwarven/vault/rune_pillar.obj.import
assets/models/dwarven/vault/rune_wall.obj	assets/world/dwarven/vault/rune_wall.obj
assets/models/dwarven/vault/rune_wall.obj.import	assets/world/dwarven/vault/rune_wall.obj.import
assets/models/dwarven/vault/safe.obj	assets/world/dwarven/vault/safe.obj
assets/models/dwarven/vault/safe.obj.import	assets/world/dwarven/vault/safe.obj.import
assets/models/dwarven/vault/strongbox.obj	assets/world/dwarven/vault/strongbox.obj
assets/models/dwarven/vault/strongbox.obj.import	assets/world/dwarven/vault/strongbox.obj.import
assets/models/dwarven/vault/treasure_coins_large.obj	assets/world/dwarven/vault/treasure_coins_large.obj
assets/models/dwarven/vault/treasure_coins_large.obj.import	assets/world/dwarven/vault/treasure_coins_large.obj.import
assets/models/dwarven/vault/treasure_coins_small.obj	assets/world/dwarven/vault/treasure_coins_small.obj
assets/models/dwarven/vault/treasure_coins_small.obj.import	assets/world/dwarven/vault/treasure_coins_small.obj.import
assets/models/dwarven/vault/treasure_crown.obj	assets/world/dwarven/vault/treasure_crown.obj
assets/models/dwarven/vault/treasure_crown.obj.import	assets/world/dwarven/vault/treasure_crown.obj.import
assets/models/dwarven/vault/treasure_gems.obj	assets/world/dwarven/vault/treasure_gems.obj
assets/models/dwarven/vault/treasure_gems.obj.import	assets/world/dwarven/vault/treasure_gems.obj.import
assets/models/dwarven/vault/treasure_mixed.obj	assets/world/dwarven/vault/treasure_mixed.obj
assets/models/dwarven/vault/treasure_mixed.obj.import	assets/world/dwarven/vault/treasure_mixed.obj.import
assets/models/environment/cave_entrance.glb	assets/world/props/cave_entrance.glb
assets/models/environment/cave_entrance.glb.import	assets/world/props/cave_entrance.glb.import
assets/models/environment/cave_entrance_impass_rock.png	assets/world/props/cave_entrance_impass_rock.png
assets/models/environment/cave_entrance_impass_rock.png.import	assets/world/props/cave_entrance_impass_rock.png.import
assets/models/environment/cave_entrance_largecliffwall.png	assets/world/props/cave_entrance_largecliffwall.png
assets/models/environment/cave_entrance_largecliffwall.png.import	assets/world/props/cave_entrance_largecliffwall.png.import
assets/models/mushrooms/fabulous_mushroom_001.fbx	assets/world/nature/fabulous_mushroom_001.fbx
assets/models/mushrooms/fabulous_mushroom_001.fbx.import	assets/world/nature/fabulous_mushroom_001.fbx.import
assets/models/mushrooms/fabulous_mushroom_002.fbx	assets/world/nature/fabulous_mushroom_002.fbx
assets/models/mushrooms/fabulous_mushroom_002.fbx.import	assets/world/nature/fabulous_mushroom_002.fbx.import
assets/models/mushrooms/fabulous_mushroom_003.fbx	assets/world/nature/fabulous_mushroom_003.fbx
assets/models/mushrooms/fabulous_mushroom_003.fbx.import	assets/world/nature/fabulous_mushroom_003.fbx.import
assets/models/mushrooms/fabulous_mushroom_004.fbx	assets/world/nature/fabulous_mushroom_004.fbx
assets/models/mushrooms/fabulous_mushroom_004.fbx.import	assets/world/nature/fabulous_mushroom_004.fbx.import
assets/models/props/barrel.glb	assets/world/props/barrel.glb
assets/models/props/barrel.glb.import	assets/world/props/barrel.glb.import
assets/models/props/barrel_001.fbx	assets/world/props/barrel_001.fbx
assets/models/props/barrel_001.fbx.import	assets/world/props/barrel_001.fbx.import
assets/models/props/barrel_wooden_barrel.png	assets/world/props/barrel_wooden_barrel.png
assets/models/props/barrel_wooden_barrel.png.import	assets/world/props/barrel_wooden_barrel.png.import
assets/models/props/bucket_001.fbx	assets/world/props/bucket_001.fbx
assets/models/props/bucket_001.fbx.import	assets/world/props/bucket_001.fbx.import
assets/models/props/cactus_001.fbx	assets/world/props/cactus_001.fbx
assets/models/props/cactus_001.fbx.import	assets/world/props/cactus_001.fbx.import
assets/models/props/crate.glb	assets/world/props/crate.glb
assets/models/props/crate.glb.import	assets/world/props/crate.glb.import
assets/models/props/crate_stack.glb	assets/world/props/crate_stack.glb
assets/models/props/crate_stack.glb.import	assets/world/props/crate_stack.glb.import
assets/models/props/crate_stack_wooden_crate1.png	assets/world/props/crate_stack_wooden_crate1.png
assets/models/props/crate_stack_wooden_crate1.png.import	assets/world/props/crate_stack_wooden_crate1.png.import
assets/models/props/crate_stack_wooden_crate2.png	assets/world/props/crate_stack_wooden_crate2.png
assets/models/props/crate_stack_wooden_crate2.png.import	assets/world/props/crate_stack_wooden_crate2.png.import
assets/models/props/crate_stack_wooden_crate3.png	assets/world/props/crate_stack_wooden_crate3.png
assets/models/props/crate_stack_wooden_crate3.png.import	assets/world/props/crate_stack_wooden_crate3.png.import
assets/models/props/crate_wooden_crate1.png	assets/world/props/crate_wooden_crate1.png
assets/models/props/crate_wooden_crate1.png.import	assets/world/props/crate_wooden_crate1.png.import
assets/models/props/kenney_barrels.glb	assets/world/props/kenney_barrels.glb
assets/models/props/kenney_barrels.glb.import	assets/world/props/kenney_barrels.glb.import
assets/models/props/kenney_barrels_barrel.png	assets/world/props/kenney_barrels_barrel.png
assets/models/props/kenney_barrels_barrel.png.import	assets/world/props/kenney_barrels_barrel.png.import
assets/models/props/kenney_barrels_planks.png	assets/world/props/kenney_barrels_planks.png
assets/models/props/kenney_barrels_planks.png.import	assets/world/props/kenney_barrels_planks.png.import
assets/models/props/kenney_bricks.glb	assets/world/props/kenney_bricks.glb
assets/models/props/kenney_bricks.glb.import	assets/world/props/kenney_bricks.glb.import
assets/models/props/kenney_bricks_cobblestone.png	assets/world/props/kenney_bricks_cobblestone.png
assets/models/props/kenney_bricks_cobblestone.png.import	assets/world/props/kenney_bricks_cobblestone.png.import
assets/models/props/kenney_column.glb	assets/world/props/kenney_column.glb
assets/models/props/kenney_column.glb.import	assets/world/props/kenney_column.glb.import
assets/models/props/kenney_column_cobblestone.png	assets/world/props/kenney_column_cobblestone.png
assets/models/props/kenney_column_cobblestone.png.import	assets/world/props/kenney_column_cobblestone.png.import
assets/models/props/kenney_column_cobblestoneAlternative.png	assets/world/props/kenney_column_cobblestoneAlternative.png
assets/models/props/kenney_column_cobblestoneAlternative.png.import	assets/world/props/kenney_column_cobblestoneAlternative.png.import
assets/models/props/kenney_column_damaged.glb	assets/world/props/kenney_column_damaged.glb
assets/models/props/kenney_column_damaged.glb.import	assets/world/props/kenney_column_damaged.glb.import
assets/models/props/kenney_column_damaged_cobblestone.png	assets/world/props/kenney_column_damaged_cobblestone.png
assets/models/props/kenney_column_damaged_cobblestone.png.import	assets/world/props/kenney_column_damaged_cobblestone.png.import
assets/models/props/kenney_column_damaged_cobblestoneAlternative.png	assets/world/props/kenney_column_damaged_cobblestoneAlternative.png
assets/models/props/kenney_column_damaged_cobblestoneAlternative.png.import	assets/world/props/kenney_column_damaged_cobblestoneAlternative.png.import
assets/models/props/kenney_column_wood.glb	assets/world/props/kenney_column_wood.glb
assets/models/props/kenney_column_wood.glb.import	assets/world/props/kenney_column_wood.glb.import
assets/models/props/kenney_column_wood_cobblestone.png	assets/world/props/kenney_column_wood_cobblestone.png
assets/models/props/kenney_column_wood_cobblestone.png.import	assets/world/props/kenney_column_wood_cobblestone.png.import
assets/models/props/kenney_column_wood_cobblestoneAlternative.png	assets/world/props/kenney_column_wood_cobblestoneAlternative.png
assets/models/props/kenney_column_wood_cobblestoneAlternative.png.import	assets/world/props/kenney_column_wood_cobblestoneAlternative.png.import
assets/models/props/kenney_column_wood_planks.png	assets/world/props/kenney_column_wood_planks.png
assets/models/props/kenney_column_wood_planks.png.import	assets/world/props/kenney_column_wood_planks.png.import
assets/models/props/kenney_detail_barrel.glb	assets/world/props/kenney_detail_barrel.glb
assets/models/props/kenney_detail_barrel.glb.import	assets/world/props/kenney_detail_barrel.glb.import
assets/models/props/kenney_detail_barrel_barrel.png	assets/world/props/kenney_detail_barrel_barrel.png
assets/models/props/kenney_detail_barrel_barrel.png.import	assets/world/props/kenney_detail_barrel_barrel.png.import
assets/models/props/kenney_detail_crate.glb	assets/world/props/kenney_detail_crate.glb
assets/models/props/kenney_detail_crate.glb.import	assets/world/props/kenney_detail_crate.glb.import
assets/models/props/kenney_detail_crate_barrel.png	assets/world/props/kenney_detail_crate_barrel.png
assets/models/props/kenney_detail_crate_barrel.png.import	assets/world/props/kenney_detail_crate_barrel.png.import
assets/models/props/kenney_detail_crate_ropes.glb	assets/world/props/kenney_detail_crate_ropes.glb
assets/models/props/kenney_detail_crate_ropes.glb.import	assets/world/props/kenney_detail_crate_ropes.glb.import
assets/models/props/kenney_detail_crate_ropes_barrel.png	assets/world/props/kenney_detail_crate_ropes_barrel.png
assets/models/props/kenney_detail_crate_ropes_barrel.png.import	assets/world/props/kenney_detail_crate_ropes_barrel.png.import
assets/models/props/kenney_detail_crate_ropes_details.png	assets/world/props/kenney_detail_crate_ropes_details.png
assets/models/props/kenney_detail_crate_ropes_details.png.import	assets/world/props/kenney_detail_crate_ropes_details.png.import
assets/models/props/kenney_detail_crate_small.glb	assets/world/props/kenney_detail_crate_small.glb
assets/models/props/kenney_detail_crate_small.glb.import	assets/world/props/kenney_detail_crate_small.glb.import
assets/models/props/kenney_detail_crate_small_barrel.png	assets/world/props/kenney_detail_crate_small_barrel.png
assets/models/props/kenney_detail_crate_small_barrel.png.import	assets/world/props/kenney_detail_crate_small_barrel.png.import
assets/models/props/kenney_fence.glb	assets/world/props/kenney_fence.glb
assets/models/props/kenney_fence.glb.import	assets/world/props/kenney_fence.glb.import
assets/models/props/kenney_fence_fence.png	assets/world/props/kenney_fence_fence.png
assets/models/props/kenney_fence_fence.png.import	assets/world/props/kenney_fence_fence.png.import
assets/models/props/kenney_fence_top.glb	assets/world/props/kenney_fence_top.glb
assets/models/props/kenney_fence_top.glb.import	assets/world/props/kenney_fence_top.glb.import
assets/models/props/kenney_fence_top_fence.png	assets/world/props/kenney_fence_top_fence.png
assets/models/props/kenney_fence_top_fence.png.import	assets/world/props/kenney_fence_top_fence.png.import
assets/models/props/kenney_fence_wood.glb	assets/world/props/kenney_fence_wood.glb
assets/models/props/kenney_fence_wood.glb.import	assets/world/props/kenney_fence_wood.glb.import
assets/models/props/kenney_fence_wood_planks.png	assets/world/props/kenney_fence_wood_planks.png
assets/models/props/kenney_fence_wood_planks.png.import	assets/world/props/kenney_fence_wood_planks.png.import
assets/models/props/kenney_ladder.glb	assets/world/props/kenney_ladder.glb
assets/models/props/kenney_ladder.glb.import	assets/world/props/kenney_ladder.glb.import
assets/models/props/kenney_ladder_planks.png	assets/world/props/kenney_ladder_planks.png
assets/models/props/kenney_ladder_planks.png.import	assets/world/props/kenney_ladder_planks.png.import
assets/models/props/kenney_pulley.glb	assets/world/props/kenney_pulley.glb
assets/models/props/kenney_pulley.glb.import	assets/world/props/kenney_pulley.glb.import
assets/models/props/kenney_pulley_crate.glb	assets/world/props/kenney_pulley_crate.glb
assets/models/props/kenney_pulley_crate.glb.import	assets/world/props/kenney_pulley_crate.glb.import
assets/models/props/kenney_pulley_crate_barrel.png	assets/world/props/kenney_pulley_crate_barrel.png
assets/models/props/kenney_pulley_crate_barrel.png.import	assets/world/props/kenney_pulley_crate_barrel.png.import
assets/models/props/kenney_pulley_crate_details.png	assets/world/props/kenney_pulley_crate_details.png
assets/models/props/kenney_pulley_crate_details.png.import	assets/world/props/kenney_pulley_crate_details.png.import
assets/models/props/kenney_pulley_crate_planks.png	assets/world/props/kenney_pulley_crate_planks.png
assets/models/props/kenney_pulley_crate_planks.png.import	assets/world/props/kenney_pulley_crate_planks.png.import
assets/models/props/kenney_pulley_details.png	assets/world/props/kenney_pulley_details.png
assets/models/props/kenney_pulley_details.png.import	assets/world/props/kenney_pulley_details.png.import
assets/models/props/kenney_pulley_planks.png	assets/world/props/kenney_pulley_planks.png
assets/models/props/kenney_pulley_planks.png.import	assets/world/props/kenney_pulley_planks.png.import
assets/models/props/kenney_tree_large.glb	assets/world/props/kenney_tree_large.glb
assets/models/props/kenney_tree_large.glb.import	assets/world/props/kenney_tree_large.glb.import
assets/models/props/kenney_tree_large_tree.png	assets/world/props/kenney_tree_large_tree.png
assets/models/props/kenney_tree_large_tree.png.import	assets/world/props/kenney_tree_large_tree.png.import
assets/models/props/kenney_tree_shrub.glb	assets/world/props/kenney_tree_shrub.glb
assets/models/props/kenney_tree_shrub.glb.import	assets/world/props/kenney_tree_shrub.glb.import
assets/models/props/kenney_tree_shrub_tree.png	assets/world/props/kenney_tree_shrub_tree.png
assets/models/props/kenney_tree_shrub_tree.png.import	assets/world/props/kenney_tree_shrub_tree.png.import
assets/models/props/kenney_water.glb	assets/world/props/kenney_water.glb
assets/models/props/kenney_water.glb.import	assets/world/props/kenney_water.glb.import
assets/models/props/kenney_water_water.png	assets/world/props/kenney_water_water.png
assets/models/props/kenney_water_water.png.import	assets/world/props/kenney_water_water.png.import
assets/models/props/log_001.fbx	assets/world/props/log_001.fbx
assets/models/props/log_001.fbx.import	assets/world/props/log_001.fbx.import
assets/models/props/log_002.fbx	assets/world/props/log_002.fbx
assets/models/props/log_002.fbx.import	assets/world/props/log_002.fbx.import
assets/models/rocks/Cliff_01.obj	assets/world/nature/Cliff_01.obj
assets/models/rocks/Cliff_01.obj.import	assets/world/nature/Cliff_01.obj.import
assets/models/rocks/Cliff_02.obj	assets/world/nature/Cliff_02.obj
assets/models/rocks/Cliff_02.obj.import	assets/world/nature/Cliff_02.obj.import
assets/models/statues/sword_statue.glb	assets/world/props/sword_statue.glb
assets/models/statues/sword_statue.glb.import	assets/world/props/sword_statue.glb.import
assets/models/terrain/boat_v2.glb	assets/world/terrain/boat_v2.glb
assets/models/terrain/boat_v2.glb.import	assets/world/terrain/boat_v2.glb.import
assets/models/terrain/boat_v2_ship_floor.png	assets/world/terrain/boat_v2_ship_floor.png
assets/models/terrain/boat_v2_ship_floor.png.import	assets/world/terrain/boat_v2_ship_floor.png.import
assets/models/terrain/boat_v2_wood.png	assets/world/terrain/boat_v2_wood.png
assets/models/terrain/boat_v2_wood.png.import	assets/world/terrain/boat_v2_wood.png.import
assets/models/terrain/combat_arena.glb	assets/world/terrain/combat_arena.glb
assets/models/terrain/combat_arena.glb.import	assets/world/terrain/combat_arena.glb.import
assets/models/terrain/cultist_ruins.glb	assets/world/terrain/cultist_ruins.glb
assets/models/terrain/cultist_ruins.glb.import	assets/world/terrain/cultist_ruins.glb.import
assets/models/terrain/cultist_ruins_stonewall.png	assets/world/terrain/cultist_ruins_stonewall.png
assets/models/terrain/cultist_ruins_stonewall.png.import	assets/world/terrain/cultist_ruins_stonewall.png.import
assets/models/terrain/cultist_temple2.glb	assets/world/terrain/cultist_temple2.glb
assets/models/terrain/cultist_temple2.glb.import	assets/world/terrain/cultist_temple2.glb.import
assets/models/terrain/cultist_temple2_stonewall.png	assets/world/terrain/cultist_temple2_stonewall.png
assets/models/terrain/cultist_temple2_stonewall.png.import	assets/world/terrain/cultist_temple2_stonewall.png.import
assets/models/terrain/elder_moor.glb	assets/world/terrain/elder_moor.glb
assets/models/terrain/elder_moor.glb.import	assets/world/terrain/elder_moor.glb.import
assets/models/terrain/goblin_camp.glb	assets/world/terrain/goblin_camp.glb
assets/models/terrain/goblin_camp.glb.import	assets/world/terrain/goblin_camp.glb.import
assets/models/terrain/hillcross.glb	assets/world/terrain/hillcross.glb
assets/models/terrain/hillcross.glb.import	assets/world/terrain/hillcross.glb.import
assets/models/terrain/hillcross_stonefloor_2.png	assets/world/terrain/hillcross_stonefloor_2.png
assets/models/terrain/hillcross_stonefloor_2.png.import	assets/world/terrain/hillcross_stonefloor_2.png.import
assets/models/terrain/hillcross_stonefloor_3.png	assets/world/terrain/hillcross_stonefloor_3.png
assets/models/terrain/hillcross_stonefloor_3.png.import	assets/world/terrain/hillcross_stonefloor_3.png.import
assets/models/terrain/hillcross_stonewall.png	assets/world/terrain/hillcross_stonewall.png
assets/models/terrain/hillcross_stonewall.png.import	assets/world/terrain/hillcross_stonewall.png.import
assets/models/terrain/hillcross_sword_statue3.png	assets/world/terrain/hillcross_sword_statue3.png
assets/models/terrain/hillcross_sword_statue3.png.import	assets/world/terrain/hillcross_sword_statue3.png.import
assets/models/terrain/ruins_corner.glb	assets/world/terrain/ruins_corner.glb
assets/models/terrain/ruins_corner.glb.import	assets/world/terrain/ruins_corner.glb.import
assets/models/terrain/ruins_corner_monastary walls.png	assets/world/terrain/ruins_corner_monastary walls.png
assets/models/terrain/ruins_corner_monastary walls.png.import	assets/world/terrain/ruins_corner_monastary walls.png.import
assets/models/terrain/willow_dale.glb	assets/world/terrain/willow_dale.glb
assets/models/terrain/willow_dale.glb.import	assets/world/terrain/willow_dale.glb.import
assets/models/trees/big_fabulous_tree_001.fbx	assets/world/nature/big_fabulous_tree_001.fbx
assets/models/trees/big_fabulous_tree_001.fbx.import	assets/world/nature/big_fabulous_tree_001.fbx.import
assets/models/trees/fabulous_tree_001.fbx	assets/world/nature/fabulous_tree_001.fbx
assets/models/trees/fabulous_tree_001.fbx.import	assets/world/nature/fabulous_tree_001.fbx.import
assets/models/trees/fir_001.fbx	assets/world/nature/fir_001.fbx
assets/models/trees/fir_001.fbx.import	assets/world/nature/fir_001.fbx.import
assets/models/trees/tree_001.fbx	assets/world/nature/tree_001.fbx
assets/models/trees/tree_001.fbx.import	assets/world/nature/tree_001.fbx.import
assets/models/vehicles/boat_v1.glb	assets/world/props/boat_v1.glb
assets/models/vehicles/boat_v1.glb.import	assets/world/props/boat_v1.glb.import
assets/models/vehicles/boat_v1_ship_floor.png	assets/world/props/boat_v1_ship_floor.png
assets/models/vehicles/boat_v1_ship_floor.png.import	assets/world/props/boat_v1_ship_floor.png.import
assets/models/vehicles/boat_v1_wood.png	assets/world/props/boat_v1_wood.png
assets/models/vehicles/boat_v1_wood.png.import	assets/world/props/boat_v1_wood.png.import
assets/sprites/SPRITE_REFERENCE.md	assets/sprites/legacy/SPRITE_REFERENCE.md
assets/sprites/decorations/siege/siege_firing.png	assets/sprites/legacy/decorations/siege/siege_firing.png
assets/sprites/decorations/siege/siege_firing.png.import	assets/sprites/legacy/decorations/siege/siege_firing.png.import
assets/sprites/decorations/siege/siege_idle.png	assets/sprites/legacy/decorations/siege/siege_idle.png
assets/sprites/decorations/siege/siege_idle.png.import	assets/sprites/legacy/decorations/siege/siege_idle.png.import
assets/sprites/decorations/siege/siege_wall_onfire.png	assets/sprites/legacy/decorations/siege/siege_wall_onfire.png
assets/sprites/decorations/siege/siege_wall_onfire.png.import	assets/sprites/legacy/decorations/siege/siege_wall_onfire.png.import
assets/sprites/decorations/sword_statue1.png	assets/sprites/legacy/decorations/sword_statue1.png
assets/sprites/decorations/sword_statue1.png.import	assets/sprites/legacy/decorations/sword_statue1.png.import
assets/sprites/decorations/sword_statue2.png	assets/sprites/legacy/decorations/sword_statue2.png
assets/sprites/decorations/sword_statue2.png.import	assets/sprites/legacy/decorations/sword_statue2.png.import
assets/sprites/decorations/sword_statue3.png	assets/sprites/legacy/decorations/sword_statue3.png
assets/sprites/decorations/sword_statue3.png.import	assets/sprites/legacy/decorations/sword_statue3.png.import
assets/sprites/enemies/Named Enemies/dark_general_attack.png	assets/sprites/legacy/enemies/Named Enemies/dark_general_attack.png
assets/sprites/enemies/Named Enemies/dark_general_attack.png.import	assets/sprites/legacy/enemies/Named Enemies/dark_general_attack.png.import
assets/sprites/enemies/Named Enemies/dark_general_death.png	assets/sprites/legacy/enemies/Named Enemies/dark_general_death.png
assets/sprites/enemies/Named Enemies/dark_general_death.png.import	assets/sprites/legacy/enemies/Named Enemies/dark_general_death.png.import
assets/sprites/enemies/Named Enemies/dark_general_idle.png	assets/sprites/legacy/enemies/Named Enemies/dark_general_idle.png
assets/sprites/enemies/Named Enemies/dark_general_idle.png.import	assets/sprites/legacy/enemies/Named Enemies/dark_general_idle.png.import
assets/sprites/enemies/Named Enemies/ratgan_idle.png	assets/sprites/legacy/enemies/Named Enemies/ratgan_idle.png
assets/sprites/enemies/Named Enemies/ratgan_idle.png.import	assets/sprites/legacy/enemies/Named Enemies/ratgan_idle.png.import
assets/sprites/enemies/Named Enemies/ratgan_walking.png	assets/sprites/legacy/enemies/Named Enemies/ratgan_walking.png
assets/sprites/enemies/Named Enemies/ratgan_walking.png.import	assets/sprites/legacy/enemies/Named Enemies/ratgan_walking.png.import
assets/sprites/enemies/beasts/basilisk.png	assets/sprites/legacy/enemies/beasts/basilisk.png
assets/sprites/enemies/beasts/basilisk.png.import	assets/sprites/legacy/enemies/beasts/basilisk.png.import
assets/sprites/enemies/beasts/bat.png	assets/sprites/legacy/enemies/beasts/bat.png
assets/sprites/enemies/beasts/bat.png.import	assets/sprites/legacy/enemies/beasts/bat.png.import
assets/sprites/enemies/beasts/bat_fire.png	assets/sprites/legacy/enemies/beasts/bat_fire.png
assets/sprites/enemies/beasts/bat_fire.png.import	assets/sprites/legacy/enemies/beasts/bat_fire.png.import
assets/sprites/enemies/beasts/frost_monster.png	assets/sprites/legacy/enemies/beasts/frost_monster.png
assets/sprites/enemies/beasts/frost_monster.png.import	assets/sprites/legacy/enemies/beasts/frost_monster.png.import
assets/sprites/enemies/beasts/rat_moving_away.png	assets/sprites/legacy/enemies/beasts/rat_moving_away.png
assets/sprites/enemies/beasts/rat_moving_away.png.import	assets/sprites/legacy/enemies/beasts/rat_moving_away.png.import
assets/sprites/enemies/beasts/rat_moving_forward.png	assets/sprites/legacy/enemies/beasts/rat_moving_forward.png
assets/sprites/enemies/beasts/rat_moving_forward.png.import	assets/sprites/legacy/enemies/beasts/rat_moving_forward.png.import
assets/sprites/enemies/beasts/rat_moving_right.png	assets/sprites/legacy/enemies/beasts/rat_moving_right.png
assets/sprites/enemies/beasts/rat_moving_right.png.import	assets/sprites/legacy/enemies/beasts/rat_moving_right.png.import
assets/sprites/enemies/beasts/sea monsters/tentacle_1.png	assets/sprites/legacy/enemies/beasts/sea monsters/tentacle_1.png
assets/sprites/enemies/beasts/sea monsters/tentacle_1.png.import	assets/sprites/legacy/enemies/beasts/sea monsters/tentacle_1.png.import
assets/sprites/enemies/beasts/sea monsters/tentacle_2.png	assets/sprites/legacy/enemies/beasts/sea monsters/tentacle_2.png
assets/sprites/enemies/beasts/sea monsters/tentacle_2.png.import	assets/sprites/legacy/enemies/beasts/sea monsters/tentacle_2.png.import
assets/sprites/enemies/beasts/sea monsters/tentacle_animation.png	assets/sprites/legacy/enemies/beasts/sea monsters/tentacle_animation.png
assets/sprites/enemies/beasts/sea monsters/tentacle_animation.png.import	assets/sprites/legacy/enemies/beasts/sea monsters/tentacle_animation.png.import
assets/sprites/enemies/beasts/spider.png	assets/sprites/legacy/enemies/beasts/spider.png
assets/sprites/enemies/beasts/spider.png.import	assets/sprites/legacy/enemies/beasts/spider.png.import
assets/sprites/enemies/beasts/treeent_massive.png	assets/sprites/legacy/enemies/beasts/treeent_massive.png
assets/sprites/enemies/beasts/treeent_massive.png.import	assets/sprites/legacy/enemies/beasts/treeent_massive.png.import
assets/sprites/enemies/beasts/troll.png	assets/sprites/legacy/enemies/beasts/troll.png
assets/sprites/enemies/beasts/troll.png.import	assets/sprites/legacy/enemies/beasts/troll.png.import
assets/sprites/enemies/beasts/wolf.png	assets/sprites/legacy/enemies/beasts/wolf.png
assets/sprites/enemies/beasts/wolf.png.import	assets/sprites/legacy/enemies/beasts/wolf.png.import
assets/sprites/enemies/beasts/wolf_moving.png	assets/sprites/legacy/enemies/beasts/wolf_moving.png
assets/sprites/enemies/beasts/wolf_moving.png.import	assets/sprites/legacy/enemies/beasts/wolf_moving.png.import
assets/sprites/enemies/beasts/wyvern.png	assets/sprites/legacy/enemies/beasts/wyvern.png
assets/sprites/enemies/beasts/wyvern.png.import	assets/sprites/legacy/enemies/beasts/wyvern.png.import
assets/sprites/enemies/beasts/wyvern_attack.png	assets/sprites/legacy/enemies/beasts/wyvern_attack.png
assets/sprites/enemies/beasts/wyvern_attack.png.import	assets/sprites/legacy/enemies/beasts/wyvern_attack.png.import
assets/sprites/enemies/bosses/bandit_boss.png	assets/sprites/legacy/enemies/bosses/bandit_boss.png
assets/sprites/enemies/bosses/bandit_boss.png.import	assets/sprites/legacy/enemies/bosses/bandit_boss.png.import
assets/sprites/enemies/goblins/goblin_archer.png	assets/sprites/legacy/enemies/goblins/goblin_archer.png
assets/sprites/enemies/goblins/goblin_archer.png.import	assets/sprites/legacy/enemies/goblins/goblin_archer.png.import
assets/sprites/enemies/goblins/goblin_archer_Fixed.png	assets/sprites/legacy/enemies/goblins/goblin_archer_Fixed.png
assets/sprites/enemies/goblins/goblin_archer_Fixed.png.import	assets/sprites/legacy/enemies/goblins/goblin_archer_Fixed.png.import
assets/sprites/enemies/goblins/goblin_fireball.png	assets/sprites/legacy/enemies/goblins/goblin_fireball.png
assets/sprites/enemies/goblins/goblin_fireball.png.import	assets/sprites/legacy/enemies/goblins/goblin_fireball.png.import
assets/sprites/enemies/goblins/goblin_sword.png	assets/sprites/legacy/enemies/goblins/goblin_sword.png
assets/sprites/enemies/goblins/goblin_sword.png.import	assets/sprites/legacy/enemies/goblins/goblin_sword.png.import
assets/sprites/enemies/goblins/goblin_warboss_dying.png	assets/sprites/legacy/enemies/goblins/goblin_warboss_dying.png
assets/sprites/enemies/goblins/goblin_warboss_dying.png.import	assets/sprites/legacy/enemies/goblins/goblin_warboss_dying.png.import
assets/sprites/enemies/goblins/goblin_warboss_walking.png	assets/sprites/legacy/enemies/goblins/goblin_warboss_walking.png
assets/sprites/enemies/goblins/goblin_warboss_walking.png.import	assets/sprites/legacy/enemies/goblins/goblin_warboss_walking.png.import
assets/sprites/enemies/humanoid/cultist_red.png	assets/sprites/legacy/enemies/humanoid/cultist_red.png
assets/sprites/enemies/humanoid/cultist_red.png.import	assets/sprites/legacy/enemies/humanoid/cultist_red.png.import
assets/sprites/enemies/humanoid/human_bandit_alt.png	assets/sprites/legacy/enemies/humanoid/human_bandit_alt.png
assets/sprites/enemies/humanoid/human_bandit_alt.png.import	assets/sprites/legacy/enemies/humanoid/human_bandit_alt.png.import
assets/sprites/enemies/humanoid/pirate_captain.png	assets/sprites/legacy/enemies/humanoid/pirate_captain.png
assets/sprites/enemies/humanoid/pirate_captain.png.import	assets/sprites/legacy/enemies/humanoid/pirate_captain.png.import
assets/sprites/enemies/humanoid/pirate_seadog.png	assets/sprites/legacy/enemies/humanoid/pirate_seadog.png
assets/sprites/enemies/humanoid/pirate_seadog.png.import	assets/sprites/legacy/enemies/humanoid/pirate_seadog.png.import
assets/sprites/enemies/tenger/tegner_attacking.png	assets/sprites/legacy/enemies/tenger/tegner_attacking.png
assets/sprites/enemies/tenger/tegner_attacking.png.import	assets/sprites/legacy/enemies/tenger/tegner_attacking.png.import
assets/sprites/enemies/tenger/tegner_flag_post.png	assets/sprites/legacy/enemies/tenger/tegner_flag_post.png
assets/sprites/enemies/tenger/tegner_flag_post.png.import	assets/sprites/legacy/enemies/tenger/tegner_flag_post.png.import
assets/sprites/enemies/tenger/tegner_flagman.png	assets/sprites/legacy/enemies/tenger/tegner_flagman.png
assets/sprites/enemies/tenger/tegner_flagman.png.import	assets/sprites/legacy/enemies/tenger/tegner_flagman.png.import
assets/sprites/enemies/tenger/tegner_on_horse.png	assets/sprites/legacy/enemies/tenger/tegner_on_horse.png
assets/sprites/enemies/tenger/tegner_on_horse.png.import	assets/sprites/legacy/enemies/tenger/tegner_on_horse.png.import
assets/sprites/enemies/tenger/tegner_on_horse_shooting.png	assets/sprites/legacy/enemies/tenger/tegner_on_horse_shooting.png
assets/sprites/enemies/tenger/tegner_on_horse_shooting.png.import	assets/sprites/legacy/enemies/tenger/tegner_on_horse_shooting.png.import
assets/sprites/enemies/tenger/tegner_walking.png	assets/sprites/legacy/enemies/tenger/tegner_walking.png
assets/sprites/enemies/tenger/tegner_walking.png.import	assets/sprites/legacy/enemies/tenger/tegner_walking.png.import
assets/sprites/enemies/undead/abomination.png	assets/sprites/legacy/enemies/undead/abomination.png
assets/sprites/enemies/undead/abomination.png.import	assets/sprites/legacy/enemies/undead/abomination.png.import
assets/sprites/enemies/undead/abomination_attack.png	assets/sprites/legacy/enemies/undead/abomination_attack.png
assets/sprites/enemies/undead/abomination_attack.png.import	assets/sprites/legacy/enemies/undead/abomination_attack.png.import
assets/sprites/enemies/undead/abomination_idle.png	assets/sprites/legacy/enemies/undead/abomination_idle.png
assets/sprites/enemies/undead/abomination_idle.png.import	assets/sprites/legacy/enemies/undead/abomination_idle.png.import
assets/sprites/enemies/undead/flaming_skull_enemy.png	assets/sprites/legacy/enemies/undead/flaming_skull_enemy.png
assets/sprites/enemies/undead/flaming_skull_enemy.png.import	assets/sprites/legacy/enemies/undead/flaming_skull_enemy.png.import
assets/sprites/enemies/undead/ghost_pirate_captian.png	assets/sprites/legacy/enemies/undead/ghost_pirate_captian.png
assets/sprites/enemies/undead/ghost_pirate_captian.png.import	assets/sprites/legacy/enemies/undead/ghost_pirate_captian.png.import
assets/sprites/enemies/undead/ghost_pirate_seadog.png	assets/sprites/legacy/enemies/undead/ghost_pirate_seadog.png
assets/sprites/enemies/undead/ghost_pirate_seadog.png.import	assets/sprites/legacy/enemies/undead/ghost_pirate_seadog.png.import
assets/sprites/enemies/undead/skeleton_attacking.png	assets/sprites/legacy/enemies/undead/skeleton_attacking.png
assets/sprites/enemies/undead/skeleton_attacking.png.import	assets/sprites/legacy/enemies/undead/skeleton_attacking.png.import
assets/sprites/enemies/undead/skeleton_shade_attacking.png	assets/sprites/legacy/enemies/undead/skeleton_shade_attacking.png
assets/sprites/enemies/undead/skeleton_shade_attacking.png.import	assets/sprites/legacy/enemies/undead/skeleton_shade_attacking.png.import
assets/sprites/enemies/undead/skeleton_shade_dying.png	assets/sprites/legacy/enemies/undead/skeleton_shade_dying.png
assets/sprites/enemies/undead/skeleton_shade_dying.png.import	assets/sprites/legacy/enemies/undead/skeleton_shade_dying.png.import
assets/sprites/enemies/undead/skeleton_shade_walking.png	assets/sprites/legacy/enemies/undead/skeleton_shade_walking.png
assets/sprites/enemies/undead/skeleton_shade_walking.png.import	assets/sprites/legacy/enemies/undead/skeleton_shade_walking.png.import
assets/sprites/enemies/undead/skeleton_walking.png	assets/sprites/legacy/enemies/undead/skeleton_walking.png
assets/sprites/enemies/undead/skeleton_walking.png.import	assets/sprites/legacy/enemies/undead/skeleton_walking.png.import
assets/sprites/enemies/undead/swampy_undead.png	assets/sprites/legacy/enemies/undead/swampy_undead.png
assets/sprites/enemies/undead/swampy_undead.png.import	assets/sprites/legacy/enemies/undead/swampy_undead.png.import
assets/sprites/enemies/undead/vampire_lord_death.png	assets/sprites/legacy/enemies/undead/vampire_lord_death.png
assets/sprites/enemies/undead/vampire_lord_death.png.import	assets/sprites/legacy/enemies/undead/vampire_lord_death.png.import
assets/sprites/enemies/undead/vampire_lord_idle.png	assets/sprites/legacy/enemies/undead/vampire_lord_idle.png
assets/sprites/enemies/undead/vampire_lord_idle.png.import	assets/sprites/legacy/enemies/undead/vampire_lord_idle.png.import
assets/sprites/enemies/undead/vampire_lord_walk.png	assets/sprites/legacy/enemies/undead/vampire_lord_walk.png
assets/sprites/enemies/undead/vampire_lord_walk.png.import	assets/sprites/legacy/enemies/undead/vampire_lord_walk.png.import
assets/sprites/enemies/undead/vampirelord_dying.png	assets/sprites/legacy/enemies/undead/vampirelord_dying.png
assets/sprites/enemies/undead/vampirelord_dying.png.import	assets/sprites/legacy/enemies/undead/vampirelord_dying.png.import
assets/sprites/enemies/undead/vampirelord_pointing.png	assets/sprites/legacy/enemies/undead/vampirelord_pointing.png
assets/sprites/enemies/undead/vampirelord_pointing.png.import	assets/sprites/legacy/enemies/undead/vampirelord_pointing.png.import
assets/sprites/enemies/undead/vampirelord_walking.png	assets/sprites/legacy/enemies/undead/vampirelord_walking.png
assets/sprites/enemies/undead/vampirelord_walking.png.import	assets/sprites/legacy/enemies/undead/vampirelord_walking.png.import
assets/sprites/enemies/undead/wraith.png	assets/sprites/legacy/enemies/undead/wraith.png
assets/sprites/enemies/undead/wraith.png.import	assets/sprites/legacy/enemies/undead/wraith.png.import
assets/sprites/environment/backgrounds/desertcity_background.png	assets/sprites/legacy/environment/backgrounds/desertcity_background.png
assets/sprites/environment/backgrounds/desertcity_background.png.import	assets/sprites/legacy/environment/backgrounds/desertcity_background.png.import
assets/sprites/environment/backgrounds/enchantedforest_background.png	assets/sprites/legacy/environment/backgrounds/enchantedforest_background.png
assets/sprites/environment/backgrounds/enchantedforest_background.png.import	assets/sprites/legacy/environment/backgrounds/enchantedforest_background.png.import
assets/sprites/environment/backgrounds/forgottenbattlefield_background2.png	assets/sprites/legacy/environment/backgrounds/forgottenbattlefield_background2.png
assets/sprites/environment/backgrounds/forgottenbattlefield_background2.png.import	assets/sprites/legacy/environment/backgrounds/forgottenbattlefield_background2.png.import
assets/sprites/environment/backgrounds/mountianforest_background.png	assets/sprites/legacy/environment/backgrounds/mountianforest_background.png
assets/sprites/environment/backgrounds/mountianforest_background.png.import	assets/sprites/legacy/environment/backgrounds/mountianforest_background.png.import
assets/sprites/environment/backgrounds/plains_background.png	assets/sprites/legacy/environment/backgrounds/plains_background.png
assets/sprites/environment/backgrounds/plains_background.png.import	assets/sprites/legacy/environment/backgrounds/plains_background.png.import
assets/sprites/environment/backgrounds/road_to_kazan_dun_background.png	assets/sprites/legacy/environment/backgrounds/road_to_kazan_dun_background.png
assets/sprites/environment/backgrounds/road_to_kazan_dun_background.png.import	assets/sprites/legacy/environment/backgrounds/road_to_kazan_dun_background.png.import
assets/sprites/environment/backgrounds/rockhill_background.png	assets/sprites/legacy/environment/backgrounds/rockhill_background.png
assets/sprites/environment/backgrounds/rockhill_background.png.import	assets/sprites/legacy/environment/backgrounds/rockhill_background.png.import
assets/sprites/environment/backgrounds/seaport_city_background.png	assets/sprites/legacy/environment/backgrounds/seaport_city_background.png
assets/sprites/environment/backgrounds/seaport_city_background.png.import	assets/sprites/legacy/environment/backgrounds/seaport_city_background.png.import
assets/sprites/environment/backgrounds/spookygraveyard_background.png	assets/sprites/legacy/environment/backgrounds/spookygraveyard_background.png
assets/sprites/environment/backgrounds/spookygraveyard_background.png.import	assets/sprites/legacy/environment/backgrounds/spookygraveyard_background.png.import
assets/sprites/environment/backgrounds/spookytemple_background.png	assets/sprites/legacy/environment/backgrounds/spookytemple_background.png
assets/sprites/environment/backgrounds/spookytemple_background.png.import	assets/sprites/legacy/environment/backgrounds/spookytemple_background.png.import
assets/sprites/environment/backgrounds/swampbackground.png	assets/sprites/legacy/environment/backgrounds/swampbackground.png
assets/sprites/environment/backgrounds/swampbackground.png.import	assets/sprites/legacy/environment/backgrounds/swampbackground.png.import
assets/sprites/environment/dungeon/gore_dungeon_wall.png	assets/sprites/legacy/environment/dungeon/gore_dungeon_wall.png
assets/sprites/environment/dungeon/gore_dungeon_wall.png.import	assets/sprites/legacy/environment/dungeon/gore_dungeon_wall.png.import
assets/sprites/environment/dungeon/wooden_barrel.png	assets/sprites/legacy/environment/dungeon/wooden_barrel.png
assets/sprites/environment/dungeon/wooden_barrel.png.import	assets/sprites/legacy/environment/dungeon/wooden_barrel.png.import
assets/sprites/environment/dungeon/wooden_crate1.png	assets/sprites/legacy/environment/dungeon/wooden_crate1.png
assets/sprites/environment/dungeon/wooden_crate1.png.import	assets/sprites/legacy/environment/dungeon/wooden_crate1.png.import
assets/sprites/environment/dungeon/wooden_crate2.png	assets/sprites/legacy/environment/dungeon/wooden_crate2.png
assets/sprites/environment/dungeon/wooden_crate2.png.import	assets/sprites/legacy/environment/dungeon/wooden_crate2.png.import
assets/sprites/environment/dungeon/wooden_crate3.png	assets/sprites/legacy/environment/dungeon/wooden_crate3.png
assets/sprites/environment/dungeon/wooden_crate3.png.import	assets/sprites/legacy/environment/dungeon/wooden_crate3.png.import
assets/sprites/environment/dungeon/woodenfloor.png	assets/sprites/legacy/environment/dungeon/woodenfloor.png
assets/sprites/environment/dungeon/woodenfloor.png.import	assets/sprites/legacy/environment/dungeon/woodenfloor.png.import
assets/sprites/environment/ground/blue_flower.png	assets/sprites/legacy/environment/ground/blue_flower.png
assets/sprites/environment/ground/blue_flower.png.import	assets/sprites/legacy/environment/ground/blue_flower.png.import
assets/sprites/environment/ground/desktop.ini	assets/sprites/legacy/environment/ground/desktop.ini
assets/sprites/environment/ground/grassland_1.png	assets/sprites/legacy/environment/ground/grassland_1.png
assets/sprites/environment/ground/grassland_1.png.import	assets/sprites/legacy/environment/ground/grassland_1.png.import
assets/sprites/environment/ground/grassland_2.png	assets/sprites/legacy/environment/ground/grassland_2.png
assets/sprites/environment/ground/grassland_2.png.import	assets/sprites/legacy/environment/ground/grassland_2.png.import
assets/sprites/environment/ground/grassland_3.png	assets/sprites/legacy/environment/ground/grassland_3.png
assets/sprites/environment/ground/grassland_3.png.import	assets/sprites/legacy/environment/ground/grassland_3.png.import
assets/sprites/environment/ground/herb_bush2.png	assets/sprites/legacy/environment/ground/herb_bush2.png
assets/sprites/environment/ground/herb_bush2.png.import	assets/sprites/legacy/environment/ground/herb_bush2.png.import
assets/sprites/environment/ground/herb_bush_picked2.png	assets/sprites/legacy/environment/ground/herb_bush_picked2.png
assets/sprites/environment/ground/herb_bush_picked2.png.import	assets/sprites/legacy/environment/ground/herb_bush_picked2.png.import
assets/sprites/environment/ground/mushroom.png	assets/sprites/legacy/environment/ground/mushroom.png
assets/sprites/environment/ground/mushroom.png.import	assets/sprites/legacy/environment/ground/mushroom.png.import
assets/sprites/environment/ground/perro_bush1.png	assets/sprites/legacy/environment/ground/perro_bush1.png
assets/sprites/environment/ground/perro_bush1.png.import	assets/sprites/legacy/environment/ground/perro_bush1.png.import
assets/sprites/environment/ground/perro_bush2.png	assets/sprites/legacy/environment/ground/perro_bush2.png
assets/sprites/environment/ground/perro_bush2.png.import	assets/sprites/legacy/environment/ground/perro_bush2.png.import
assets/sprites/environment/ground/war_banner1.png	assets/sprites/legacy/environment/ground/war_banner1.png
assets/sprites/environment/ground/war_banner1.png.import	assets/sprites/legacy/environment/ground/war_banner1.png.import
assets/sprites/environment/rocks/gold_vein.png	assets/sprites/legacy/environment/rocks/gold_vein.png
assets/sprites/environment/rocks/gold_vein.png.import	assets/sprites/legacy/environment/rocks/gold_vein.png.import
assets/sprites/environment/rocks/iron_no_vien_rock.png	assets/sprites/legacy/environment/rocks/iron_no_vien_rock.png
assets/sprites/environment/rocks/iron_no_vien_rock.png.import	assets/sprites/legacy/environment/rocks/iron_no_vien_rock.png.import
assets/sprites/environment/rocks/iron_vien_rock.png	assets/sprites/legacy/environment/rocks/iron_vien_rock.png
assets/sprites/environment/rocks/iron_vien_rock.png.import	assets/sprites/legacy/environment/rocks/iron_vien_rock.png.import
assets/sprites/environment/rocks/silver_vein.png	assets/sprites/legacy/environment/rocks/silver_vein.png
assets/sprites/environment/rocks/silver_vein.png.import	assets/sprites/legacy/environment/rocks/silver_vein.png.import
assets/sprites/environment/stonefloor_6.png	assets/sprites/legacy/environment/stonefloor_6.png
assets/sprites/environment/stonefloor_6.png.import	assets/sprites/legacy/environment/stonefloor_6.png.import
assets/sprites/environment/trees/autumn_bush.png	assets/sprites/legacy/environment/trees/autumn_bush.png
assets/sprites/environment/trees/autumn_bush.png.import	assets/sprites/legacy/environment/trees/autumn_bush.png.import
assets/sprites/environment/trees/autumn_tree_1.png	assets/sprites/legacy/environment/trees/autumn_tree_1.png
assets/sprites/environment/trees/autumn_tree_1.png.import	assets/sprites/legacy/environment/trees/autumn_tree_1.png.import
assets/sprites/environment/trees/autumn_tree_2.png	assets/sprites/legacy/environment/trees/autumn_tree_2.png
assets/sprites/environment/trees/autumn_tree_2.png.import	assets/sprites/legacy/environment/trees/autumn_tree_2.png.import
assets/sprites/environment/trees/barren_bush.png	assets/sprites/legacy/environment/trees/barren_bush.png
assets/sprites/environment/trees/barren_bush.png.import	assets/sprites/legacy/environment/trees/barren_bush.png.import
assets/sprites/environment/trees/barren_bush2.png	assets/sprites/legacy/environment/trees/barren_bush2.png
assets/sprites/environment/trees/barren_bush2.png.import	assets/sprites/legacy/environment/trees/barren_bush2.png.import
assets/sprites/environment/trees/bush_1.png	assets/sprites/legacy/environment/trees/bush_1.png
assets/sprites/environment/trees/bush_1.png.import	assets/sprites/legacy/environment/trees/bush_1.png.import
assets/sprites/environment/trees/bush_2.png	assets/sprites/legacy/environment/trees/bush_2.png
assets/sprites/environment/trees/bush_2.png.import	assets/sprites/legacy/environment/trees/bush_2.png.import
assets/sprites/environment/trees/chopped_tree.png	assets/sprites/legacy/environment/trees/chopped_tree.png
assets/sprites/environment/trees/chopped_tree.png.import	assets/sprites/legacy/environment/trees/chopped_tree.png.import
assets/sprites/environment/trees/green_sap_tree1.png	assets/sprites/legacy/environment/trees/green_sap_tree1.png
assets/sprites/environment/trees/green_sap_tree1.png.import	assets/sprites/legacy/environment/trees/green_sap_tree1.png.import
assets/sprites/environment/trees/green_sap_tree2.png	assets/sprites/legacy/environment/trees/green_sap_tree2.png
assets/sprites/environment/trees/green_sap_tree2.png.import	assets/sprites/legacy/environment/trees/green_sap_tree2.png.import
assets/sprites/environment/trees/green_tree1.png	assets/sprites/legacy/environment/trees/green_tree1.png
assets/sprites/environment/trees/green_tree1.png.import	assets/sprites/legacy/environment/trees/green_tree1.png.import
assets/sprites/environment/trees/green_tree2.png	assets/sprites/legacy/environment/trees/green_tree2.png
assets/sprites/environment/trees/green_tree2.png.import	assets/sprites/legacy/environment/trees/green_tree2.png.import
assets/sprites/environment/trees/green_tree3.png	assets/sprites/legacy/environment/trees/green_tree3.png
assets/sprites/environment/trees/green_tree3.png.import	assets/sprites/legacy/environment/trees/green_tree3.png.import
assets/sprites/environment/trees/herb_bush2.png	assets/sprites/legacy/environment/trees/herb_bush2.png
assets/sprites/environment/trees/herb_bush2.png.import	assets/sprites/legacy/environment/trees/herb_bush2.png.import
assets/sprites/environment/trees/herb_bush_picked2.png	assets/sprites/legacy/environment/trees/herb_bush_picked2.png
assets/sprites/environment/trees/herb_bush_picked2.png.import	assets/sprites/legacy/environment/trees/herb_bush_picked2.png.import
assets/sprites/environment/trees/swamp_fallen_1.png	assets/sprites/legacy/environment/trees/swamp_fallen_1.png
assets/sprites/environment/trees/swamp_fallen_1.png.import	assets/sprites/legacy/environment/trees/swamp_fallen_1.png.import
assets/sprites/environment/trees/swamp_fallen_2.png	assets/sprites/legacy/environment/trees/swamp_fallen_2.png
assets/sprites/environment/trees/swamp_fallen_2.png.import	assets/sprites/legacy/environment/trees/swamp_fallen_2.png.import
assets/sprites/environment/trees/swamp_tree1.png	assets/sprites/legacy/environment/trees/swamp_tree1.png
assets/sprites/environment/trees/swamp_tree1.png.import	assets/sprites/legacy/environment/trees/swamp_tree1.png.import
assets/sprites/environment/trees/swamp_tree2.png	assets/sprites/legacy/environment/trees/swamp_tree2.png
assets/sprites/environment/trees/swamp_tree2.png.import	assets/sprites/legacy/environment/trees/swamp_tree2.png.import
assets/sprites/environment/trees/swamp_willow.png	assets/sprites/legacy/environment/trees/swamp_willow.png
assets/sprites/environment/trees/swamp_willow.png.import	assets/sprites/legacy/environment/trees/swamp_willow.png.import
assets/sprites/environment/trees/tree_pack_1.1/tree_pack_1.1/models/bush01.fbx	assets/sprites/legacy/environment/trees/tree_pack_1.1/tree_pack_1.1/models/bush01.fbx
assets/sprites/environment/trees/tree_pack_1.1/tree_pack_1.1/models/bush01.fbx.import	assets/sprites/legacy/environment/trees/tree_pack_1.1/tree_pack_1.1/models/bush01.fbx.import
assets/sprites/environment/trees/tree_pack_1.1/tree_pack_1.1/models/bush02.fbx	assets/sprites/legacy/environment/trees/tree_pack_1.1/tree_pack_1.1/models/bush02.fbx
assets/sprites/environment/trees/tree_pack_1.1/tree_pack_1.1/models/bush02.fbx.import	assets/sprites/legacy/environment/trees/tree_pack_1.1/tree_pack_1.1/models/bush02.fbx.import
assets/sprites/environment/trees/tree_pack_1.1/tree_pack_1.1/models/bush03.fbx	assets/sprites/legacy/environment/trees/tree_pack_1.1/tree_pack_1.1/models/bush03.fbx
assets/sprites/environment/trees/tree_pack_1.1/tree_pack_1.1/models/bush03.fbx.import	assets/sprites/legacy/environment/trees/tree_pack_1.1/tree_pack_1.1/models/bush03.fbx.import
assets/sprites/environment/trees/tree_pack_1.1/tree_pack_1.1/models/bush04.fbx	assets/sprites/legacy/environment/trees/tree_pack_1.1/tree_pack_1.1/models/bush04.fbx
assets/sprites/environment/trees/tree_pack_1.1/tree_pack_1.1/models/bush04.fbx.import	assets/sprites/legacy/environment/trees/tree_pack_1.1/tree_pack_1.1/models/bush04.fbx.import
assets/sprites/environment/trees/tree_pack_1.1/tree_pack_1.1/models/bush05.fbx	assets/sprites/legacy/environment/trees/tree_pack_1.1/tree_pack_1.1/models/bush05.fbx
assets/sprites/environment/trees/tree_pack_1.1/tree_pack_1.1/models/bush05.fbx.import	assets/sprites/legacy/environment/trees/tree_pack_1.1/tree_pack_1.1/models/bush05.fbx.import
assets/sprites/environment/trees/tree_pack_1.1/tree_pack_1.1/models/bush06.fbx	assets/sprites/legacy/environment/trees/tree_pack_1.1/tree_pack_1.1/models/bush06.fbx
assets/sprites/environment/trees/tree_pack_1.1/tree_pack_1.1/models/bush06.fbx.import	assets/sprites/legacy/environment/trees/tree_pack_1.1/tree_pack_1.1/models/bush06.fbx.import
assets/sprites/environment/trees/tree_pack_1.1/tree_pack_1.1/models/bush07.fbx	assets/sprites/legacy/environment/trees/tree_pack_1.1/tree_pack_1.1/models/bush07.fbx
assets/sprites/environment/trees/tree_pack_1.1/tree_pack_1.1/models/bush07.fbx.import	assets/sprites/legacy/environment/trees/tree_pack_1.1/tree_pack_1.1/models/bush07.fbx.import
assets/sprites/environment/trees/tree_pack_1.1/tree_pack_1.1/models/bush08.fbx	assets/sprites/legacy/environment/trees/tree_pack_1.1/tree_pack_1.1/models/bush08.fbx
assets/sprites/environment/trees/tree_pack_1.1/tree_pack_1.1/models/bush08.fbx.import	assets/sprites/legacy/environment/trees/tree_pack_1.1/tree_pack_1.1/models/bush08.fbx.import
assets/sprites/environment/trees/tree_pack_1.1/tree_pack_1.1/models/tree01.fbx	assets/sprites/legacy/environment/trees/tree_pack_1.1/tree_pack_1.1/models/tree01.fbx
assets/sprites/environment/trees/tree_pack_1.1/tree_pack_1.1/models/tree01.fbx.import	assets/sprites/legacy/environment/trees/tree_pack_1.1/tree_pack_1.1/models/tree01.fbx.import
assets/sprites/environment/trees/tree_pack_1.1/tree_pack_1.1/models/tree02.fbx	assets/sprites/legacy/environment/trees/tree_pack_1.1/tree_pack_1.1/models/tree02.fbx
assets/sprites/environment/trees/tree_pack_1.1/tree_pack_1.1/models/tree02.fbx.import	assets/sprites/legacy/environment/trees/tree_pack_1.1/tree_pack_1.1/models/tree02.fbx.import
assets/sprites/environment/trees/tree_pack_1.1/tree_pack_1.1/models/tree03.fbx	assets/sprites/legacy/environment/trees/tree_pack_1.1/tree_pack_1.1/models/tree03.fbx
assets/sprites/environment/trees/tree_pack_1.1/tree_pack_1.1/models/tree03.fbx.import	assets/sprites/legacy/environment/trees/tree_pack_1.1/tree_pack_1.1/models/tree03.fbx.import
assets/sprites/environment/trees/tree_pack_1.1/tree_pack_1.1/models/tree04.fbx	assets/sprites/legacy/environment/trees/tree_pack_1.1/tree_pack_1.1/models/tree04.fbx
assets/sprites/environment/trees/tree_pack_1.1/tree_pack_1.1/models/tree04.fbx.import	assets/sprites/legacy/environment/trees/tree_pack_1.1/tree_pack_1.1/models/tree04.fbx.import
assets/sprites/environment/trees/tree_pack_1.1/tree_pack_1.1/models/tree05.fbx	assets/sprites/legacy/environment/trees/tree_pack_1.1/tree_pack_1.1/models/tree05.fbx
assets/sprites/environment/trees/tree_pack_1.1/tree_pack_1.1/models/tree05.fbx.import	assets/sprites/legacy/environment/trees/tree_pack_1.1/tree_pack_1.1/models/tree05.fbx.import
assets/sprites/environment/trees/tree_pack_1.1/tree_pack_1.1/models/tree06.fbx	assets/sprites/legacy/environment/trees/tree_pack_1.1/tree_pack_1.1/models/tree06.fbx
assets/sprites/environment/trees/tree_pack_1.1/tree_pack_1.1/models/tree06.fbx.import	assets/sprites/legacy/environment/trees/tree_pack_1.1/tree_pack_1.1/models/tree06.fbx.import
assets/sprites/environment/trees/tree_pack_1.1/tree_pack_1.1/models/tree07.fbx	assets/sprites/legacy/environment/trees/tree_pack_1.1/tree_pack_1.1/models/tree07.fbx
assets/sprites/environment/trees/tree_pack_1.1/tree_pack_1.1/models/tree07.fbx.import	assets/sprites/legacy/environment/trees/tree_pack_1.1/tree_pack_1.1/models/tree07.fbx.import
assets/sprites/environment/trees/tree_pack_1.1/tree_pack_1.1/models/tree08.fbx	assets/sprites/legacy/environment/trees/tree_pack_1.1/tree_pack_1.1/models/tree08.fbx
assets/sprites/environment/trees/tree_pack_1.1/tree_pack_1.1/models/tree08.fbx.import	assets/sprites/legacy/environment/trees/tree_pack_1.1/tree_pack_1.1/models/tree08.fbx.import
assets/sprites/environment/trees/tree_pack_1.1/tree_pack_1.1/models/tree09.fbx	assets/sprites/legacy/environment/trees/tree_pack_1.1/tree_pack_1.1/models/tree09.fbx
assets/sprites/environment/trees/tree_pack_1.1/tree_pack_1.1/models/tree09.fbx.import	assets/sprites/legacy/environment/trees/tree_pack_1.1/tree_pack_1.1/models/tree09.fbx.import
assets/sprites/environment/trees/tree_pack_1.1/tree_pack_1.1/models/tree10.fbx	assets/sprites/legacy/environment/trees/tree_pack_1.1/tree_pack_1.1/models/tree10.fbx
assets/sprites/environment/trees/tree_pack_1.1/tree_pack_1.1/models/tree10.fbx.import	assets/sprites/legacy/environment/trees/tree_pack_1.1/tree_pack_1.1/models/tree10.fbx.import
assets/sprites/environment/trees/tree_pack_1.1/tree_pack_1.1/models/tree11.fbx	assets/sprites/legacy/environment/trees/tree_pack_1.1/tree_pack_1.1/models/tree11.fbx
assets/sprites/environment/trees/tree_pack_1.1/tree_pack_1.1/models/tree11.fbx.import	assets/sprites/legacy/environment/trees/tree_pack_1.1/tree_pack_1.1/models/tree11.fbx.import
assets/sprites/environment/trees/tree_pack_1.1/tree_pack_1.1/models/tree12.fbx	assets/sprites/legacy/environment/trees/tree_pack_1.1/tree_pack_1.1/models/tree12.fbx
assets/sprites/environment/trees/tree_pack_1.1/tree_pack_1.1/models/tree12.fbx.import	assets/sprites/legacy/environment/trees/tree_pack_1.1/tree_pack_1.1/models/tree12.fbx.import
assets/sprites/environment/trees/tree_pack_1.1/tree_pack_1.1/models/tree13.fbx	assets/sprites/legacy/environment/trees/tree_pack_1.1/tree_pack_1.1/models/tree13.fbx
assets/sprites/environment/trees/tree_pack_1.1/tree_pack_1.1/models/tree13.fbx.import	assets/sprites/legacy/environment/trees/tree_pack_1.1/tree_pack_1.1/models/tree13.fbx.import
assets/sprites/environment/trees/tree_pack_1.1/tree_pack_1.1/models/tree14.fbx	assets/sprites/legacy/environment/trees/tree_pack_1.1/tree_pack_1.1/models/tree14.fbx
assets/sprites/environment/trees/tree_pack_1.1/tree_pack_1.1/models/tree14.fbx.import	assets/sprites/legacy/environment/trees/tree_pack_1.1/tree_pack_1.1/models/tree14.fbx.import
assets/sprites/environment/trees/tree_pack_1.1/tree_pack_1.1/models/tree15.fbx	assets/sprites/legacy/environment/trees/tree_pack_1.1/tree_pack_1.1/models/tree15.fbx
assets/sprites/environment/trees/tree_pack_1.1/tree_pack_1.1/models/tree15.fbx.import	assets/sprites/legacy/environment/trees/tree_pack_1.1/tree_pack_1.1/models/tree15.fbx.import
assets/sprites/environment/trees/tree_pack_1.1/tree_pack_1.1/models/tree16.fbx	assets/sprites/legacy/environment/trees/tree_pack_1.1/tree_pack_1.1/models/tree16.fbx
assets/sprites/environment/trees/tree_pack_1.1/tree_pack_1.1/models/tree16.fbx.import	assets/sprites/legacy/environment/trees/tree_pack_1.1/tree_pack_1.1/models/tree16.fbx.import
assets/sprites/environment/trees/tree_pack_1.1/tree_pack_1.1/models/tree17.fbx	assets/sprites/legacy/environment/trees/tree_pack_1.1/tree_pack_1.1/models/tree17.fbx
assets/sprites/environment/trees/tree_pack_1.1/tree_pack_1.1/models/tree17.fbx.import	assets/sprites/legacy/environment/trees/tree_pack_1.1/tree_pack_1.1/models/tree17.fbx.import
assets/sprites/environment/trees/tree_pack_1.1/tree_pack_1.1/models/tree18.fbx	assets/sprites/legacy/environment/trees/tree_pack_1.1/tree_pack_1.1/models/tree18.fbx
assets/sprites/environment/trees/tree_pack_1.1/tree_pack_1.1/models/tree18.fbx.import	assets/sprites/legacy/environment/trees/tree_pack_1.1/tree_pack_1.1/models/tree18.fbx.import
assets/sprites/environment/trees/tree_pack_1.1/tree_pack_1.1/models/tree19.fbx	assets/sprites/legacy/environment/trees/tree_pack_1.1/tree_pack_1.1/models/tree19.fbx
assets/sprites/environment/trees/tree_pack_1.1/tree_pack_1.1/models/tree19.fbx.import	assets/sprites/legacy/environment/trees/tree_pack_1.1/tree_pack_1.1/models/tree19.fbx.import
assets/sprites/environment/trees/tree_pack_1.1/tree_pack_1.1/models/tree20.fbx	assets/sprites/legacy/environment/trees/tree_pack_1.1/tree_pack_1.1/models/tree20.fbx
assets/sprites/environment/trees/tree_pack_1.1/tree_pack_1.1/models/tree20.fbx.import	assets/sprites/legacy/environment/trees/tree_pack_1.1/tree_pack_1.1/models/tree20.fbx.import
assets/sprites/environment/trees/tree_pack_1.1/tree_pack_1.1/models/tree21.fbx	assets/sprites/legacy/environment/trees/tree_pack_1.1/tree_pack_1.1/models/tree21.fbx
assets/sprites/environment/trees/tree_pack_1.1/tree_pack_1.1/models/tree21.fbx.import	assets/sprites/legacy/environment/trees/tree_pack_1.1/tree_pack_1.1/models/tree21.fbx.import
assets/sprites/environment/trees/tree_pack_1.1/tree_pack_1.1/models/tree22.fbx	assets/sprites/legacy/environment/trees/tree_pack_1.1/tree_pack_1.1/models/tree22.fbx
assets/sprites/environment/trees/tree_pack_1.1/tree_pack_1.1/models/tree22.fbx.import	assets/sprites/legacy/environment/trees/tree_pack_1.1/tree_pack_1.1/models/tree22.fbx.import
assets/sprites/environment/trees/tree_pack_1.1/tree_pack_1.1/models/tree23.fbx	assets/sprites/legacy/environment/trees/tree_pack_1.1/tree_pack_1.1/models/tree23.fbx
assets/sprites/environment/trees/tree_pack_1.1/tree_pack_1.1/models/tree23.fbx.import	assets/sprites/legacy/environment/trees/tree_pack_1.1/tree_pack_1.1/models/tree23.fbx.import
assets/sprites/environment/trees/tree_pack_1.1/tree_pack_1.1/models/tree24.fbx	assets/sprites/legacy/environment/trees/tree_pack_1.1/tree_pack_1.1/models/tree24.fbx
assets/sprites/environment/trees/tree_pack_1.1/tree_pack_1.1/models/tree24.fbx.import	assets/sprites/legacy/environment/trees/tree_pack_1.1/tree_pack_1.1/models/tree24.fbx.import
assets/sprites/environment/trees/tree_pack_1.1/tree_pack_1.1/models/tree25.fbx	assets/sprites/legacy/environment/trees/tree_pack_1.1/tree_pack_1.1/models/tree25.fbx
assets/sprites/environment/trees/tree_pack_1.1/tree_pack_1.1/models/tree25.fbx.import	assets/sprites/legacy/environment/trees/tree_pack_1.1/tree_pack_1.1/models/tree25.fbx.import
assets/sprites/environment/trees/tree_pack_1.1/tree_pack_1.1/models/tree26.fbx	assets/sprites/legacy/environment/trees/tree_pack_1.1/tree_pack_1.1/models/tree26.fbx
assets/sprites/environment/trees/tree_pack_1.1/tree_pack_1.1/models/tree26.fbx.import	assets/sprites/legacy/environment/trees/tree_pack_1.1/tree_pack_1.1/models/tree26.fbx.import
assets/sprites/environment/trees/tree_pack_1.1/tree_pack_1.1/models/tree27.fbx	assets/sprites/legacy/environment/trees/tree_pack_1.1/tree_pack_1.1/models/tree27.fbx
assets/sprites/environment/trees/tree_pack_1.1/tree_pack_1.1/models/tree27.fbx.import	assets/sprites/legacy/environment/trees/tree_pack_1.1/tree_pack_1.1/models/tree27.fbx.import
assets/sprites/environment/trees/tree_pack_1.1/tree_pack_1.1/models/tree28.fbx	assets/sprites/legacy/environment/trees/tree_pack_1.1/tree_pack_1.1/models/tree28.fbx
assets/sprites/environment/trees/tree_pack_1.1/tree_pack_1.1/models/tree28.fbx.import	assets/sprites/legacy/environment/trees/tree_pack_1.1/tree_pack_1.1/models/tree28.fbx.import
assets/sprites/environment/trees/tree_pack_1.1/tree_pack_1.1/models/tree29.fbx	assets/sprites/legacy/environment/trees/tree_pack_1.1/tree_pack_1.1/models/tree29.fbx
assets/sprites/environment/trees/tree_pack_1.1/tree_pack_1.1/models/tree29.fbx.import	assets/sprites/legacy/environment/trees/tree_pack_1.1/tree_pack_1.1/models/tree29.fbx.import
assets/sprites/environment/trees/tree_pack_1.1/tree_pack_1.1/models/tree30.fbx	assets/sprites/legacy/environment/trees/tree_pack_1.1/tree_pack_1.1/models/tree30.fbx
assets/sprites/environment/trees/tree_pack_1.1/tree_pack_1.1/models/tree30.fbx.import	assets/sprites/legacy/environment/trees/tree_pack_1.1/tree_pack_1.1/models/tree30.fbx.import
assets/sprites/environment/trees/tree_pack_1.1/tree_pack_1.1/models/tree31.fbx	assets/sprites/legacy/environment/trees/tree_pack_1.1/tree_pack_1.1/models/tree31.fbx
assets/sprites/environment/trees/tree_pack_1.1/tree_pack_1.1/models/tree31.fbx.import	assets/sprites/legacy/environment/trees/tree_pack_1.1/tree_pack_1.1/models/tree31.fbx.import
assets/sprites/environment/trees/tree_pack_1.1/tree_pack_1.1/models/tree32.fbx	assets/sprites/legacy/environment/trees/tree_pack_1.1/tree_pack_1.1/models/tree32.fbx
assets/sprites/environment/trees/tree_pack_1.1/tree_pack_1.1/models/tree32.fbx.import	assets/sprites/legacy/environment/trees/tree_pack_1.1/tree_pack_1.1/models/tree32.fbx.import
assets/sprites/environment/trees/tree_pack_1.1/tree_pack_1.1/models/tree33.fbx	assets/sprites/legacy/environment/trees/tree_pack_1.1/tree_pack_1.1/models/tree33.fbx
assets/sprites/environment/trees/tree_pack_1.1/tree_pack_1.1/models/tree33.fbx.import	assets/sprites/legacy/environment/trees/tree_pack_1.1/tree_pack_1.1/models/tree33.fbx.import
assets/sprites/environment/trees/tree_pack_1.1/tree_pack_1.1/models/tree34.fbx	assets/sprites/legacy/environment/trees/tree_pack_1.1/tree_pack_1.1/models/tree34.fbx
assets/sprites/environment/trees/tree_pack_1.1/tree_pack_1.1/models/tree34.fbx.import	assets/sprites/legacy/environment/trees/tree_pack_1.1/tree_pack_1.1/models/tree34.fbx.import
assets/sprites/environment/trees/tree_pack_1.1/tree_pack_1.1/models/tree35.fbx	assets/sprites/legacy/environment/trees/tree_pack_1.1/tree_pack_1.1/models/tree35.fbx
assets/sprites/environment/trees/tree_pack_1.1/tree_pack_1.1/models/tree35.fbx.import	assets/sprites/legacy/environment/trees/tree_pack_1.1/tree_pack_1.1/models/tree35.fbx.import
assets/sprites/environment/trees/tree_pack_1.1/tree_pack_1.1/models/tree36.fbx	assets/sprites/legacy/environment/trees/tree_pack_1.1/tree_pack_1.1/models/tree36.fbx
assets/sprites/environment/trees/tree_pack_1.1/tree_pack_1.1/models/tree36.fbx.import	assets/sprites/legacy/environment/trees/tree_pack_1.1/tree_pack_1.1/models/tree36.fbx.import
assets/sprites/environment/trees/tree_pack_1.1/tree_pack_1.1/textures/bush01.png	assets/sprites/legacy/environment/trees/tree_pack_1.1/tree_pack_1.1/textures/bush01.png
assets/sprites/environment/trees/tree_pack_1.1/tree_pack_1.1/textures/bush01.png.import	assets/sprites/legacy/environment/trees/tree_pack_1.1/tree_pack_1.1/textures/bush01.png.import
assets/sprites/environment/trees/tree_pack_1.1/tree_pack_1.1/textures/bush02.png	assets/sprites/legacy/environment/trees/tree_pack_1.1/tree_pack_1.1/textures/bush02.png
assets/sprites/environment/trees/tree_pack_1.1/tree_pack_1.1/textures/bush02.png.import	assets/sprites/legacy/environment/trees/tree_pack_1.1/tree_pack_1.1/textures/bush02.png.import
assets/sprites/environment/trees/tree_pack_1.1/tree_pack_1.1/textures/bush03.png	assets/sprites/legacy/environment/trees/tree_pack_1.1/tree_pack_1.1/textures/bush03.png
assets/sprites/environment/trees/tree_pack_1.1/tree_pack_1.1/textures/bush03.png.import	assets/sprites/legacy/environment/trees/tree_pack_1.1/tree_pack_1.1/textures/bush03.png.import
assets/sprites/environment/trees/tree_pack_1.1/tree_pack_1.1/textures/bush04.png	assets/sprites/legacy/environment/trees/tree_pack_1.1/tree_pack_1.1/textures/bush04.png
assets/sprites/environment/trees/tree_pack_1.1/tree_pack_1.1/textures/bush04.png.import	assets/sprites/legacy/environment/trees/tree_pack_1.1/tree_pack_1.1/textures/bush04.png.import
assets/sprites/environment/trees/tree_pack_1.1/tree_pack_1.1/textures/bush05.png	assets/sprites/legacy/environment/trees/tree_pack_1.1/tree_pack_1.1/textures/bush05.png
assets/sprites/environment/trees/tree_pack_1.1/tree_pack_1.1/textures/bush05.png.import	assets/sprites/legacy/environment/trees/tree_pack_1.1/tree_pack_1.1/textures/bush05.png.import
assets/sprites/environment/trees/tree_pack_1.1/tree_pack_1.1/textures/bush06.png	assets/sprites/legacy/environment/trees/tree_pack_1.1/tree_pack_1.1/textures/bush06.png
assets/sprites/environment/trees/tree_pack_1.1/tree_pack_1.1/textures/bush06.png.import	assets/sprites/legacy/environment/trees/tree_pack_1.1/tree_pack_1.1/textures/bush06.png.import
assets/sprites/environment/trees/tree_pack_1.1/tree_pack_1.1/textures/bush07.png	assets/sprites/legacy/environment/trees/tree_pack_1.1/tree_pack_1.1/textures/bush07.png
assets/sprites/environment/trees/tree_pack_1.1/tree_pack_1.1/textures/bush07.png.import	assets/sprites/legacy/environment/trees/tree_pack_1.1/tree_pack_1.1/textures/bush07.png.import
assets/sprites/environment/trees/tree_pack_1.1/tree_pack_1.1/textures/bush08.png	assets/sprites/legacy/environment/trees/tree_pack_1.1/tree_pack_1.1/textures/bush08.png
assets/sprites/environment/trees/tree_pack_1.1/tree_pack_1.1/textures/bush08.png.import	assets/sprites/legacy/environment/trees/tree_pack_1.1/tree_pack_1.1/textures/bush08.png.import
assets/sprites/environment/trees/tree_pack_1.1/tree_pack_1.1/textures/tree01.png	assets/sprites/legacy/environment/trees/tree_pack_1.1/tree_pack_1.1/textures/tree01.png
assets/sprites/environment/trees/tree_pack_1.1/tree_pack_1.1/textures/tree01.png.import	assets/sprites/legacy/environment/trees/tree_pack_1.1/tree_pack_1.1/textures/tree01.png.import
assets/sprites/environment/trees/tree_pack_1.1/tree_pack_1.1/textures/tree02.png	assets/sprites/legacy/environment/trees/tree_pack_1.1/tree_pack_1.1/textures/tree02.png
assets/sprites/environment/trees/tree_pack_1.1/tree_pack_1.1/textures/tree02.png.import	assets/sprites/legacy/environment/trees/tree_pack_1.1/tree_pack_1.1/textures/tree02.png.import
assets/sprites/environment/trees/tree_pack_1.1/tree_pack_1.1/textures/tree03.png	assets/sprites/legacy/environment/trees/tree_pack_1.1/tree_pack_1.1/textures/tree03.png
assets/sprites/environment/trees/tree_pack_1.1/tree_pack_1.1/textures/tree03.png.import	assets/sprites/legacy/environment/trees/tree_pack_1.1/tree_pack_1.1/textures/tree03.png.import
assets/sprites/environment/trees/tree_pack_1.1/tree_pack_1.1/textures/tree04.png	assets/sprites/legacy/environment/trees/tree_pack_1.1/tree_pack_1.1/textures/tree04.png
assets/sprites/environment/trees/tree_pack_1.1/tree_pack_1.1/textures/tree04.png.import	assets/sprites/legacy/environment/trees/tree_pack_1.1/tree_pack_1.1/textures/tree04.png.import
assets/sprites/environment/trees/tree_pack_1.1/tree_pack_1.1/textures/tree05.png	assets/sprites/legacy/environment/trees/tree_pack_1.1/tree_pack_1.1/textures/tree05.png
assets/sprites/environment/trees/tree_pack_1.1/tree_pack_1.1/textures/tree05.png.import	assets/sprites/legacy/environment/trees/tree_pack_1.1/tree_pack_1.1/textures/tree05.png.import
assets/sprites/environment/trees/tree_pack_1.1/tree_pack_1.1/textures/tree06.png	assets/sprites/legacy/environment/trees/tree_pack_1.1/tree_pack_1.1/textures/tree06.png
assets/sprites/environment/trees/tree_pack_1.1/tree_pack_1.1/textures/tree06.png.import	assets/sprites/legacy/environment/trees/tree_pack_1.1/tree_pack_1.1/textures/tree06.png.import
assets/sprites/environment/trees/tree_pack_1.1/tree_pack_1.1/textures/tree07.png	assets/sprites/legacy/environment/trees/tree_pack_1.1/tree_pack_1.1/textures/tree07.png
assets/sprites/environment/trees/tree_pack_1.1/tree_pack_1.1/textures/tree07.png.import	assets/sprites/legacy/environment/trees/tree_pack_1.1/tree_pack_1.1/textures/tree07.png.import
assets/sprites/environment/trees/tree_pack_1.1/tree_pack_1.1/textures/tree08.png	assets/sprites/legacy/environment/trees/tree_pack_1.1/tree_pack_1.1/textures/tree08.png
assets/sprites/environment/trees/tree_pack_1.1/tree_pack_1.1/textures/tree08.png.import	assets/sprites/legacy/environment/trees/tree_pack_1.1/tree_pack_1.1/textures/tree08.png.import
assets/sprites/environment/trees/tree_pack_1.1/tree_pack_1.1/textures/tree09.png	assets/sprites/legacy/environment/trees/tree_pack_1.1/tree_pack_1.1/textures/tree09.png
assets/sprites/environment/trees/tree_pack_1.1/tree_pack_1.1/textures/tree09.png.import	assets/sprites/legacy/environment/trees/tree_pack_1.1/tree_pack_1.1/textures/tree09.png.import
assets/sprites/environment/trees/tree_pack_1.1/tree_pack_1.1/textures/tree10.png	assets/sprites/legacy/environment/trees/tree_pack_1.1/tree_pack_1.1/textures/tree10.png
assets/sprites/environment/trees/tree_pack_1.1/tree_pack_1.1/textures/tree10.png.import	assets/sprites/legacy/environment/trees/tree_pack_1.1/tree_pack_1.1/textures/tree10.png.import
assets/sprites/environment/trees/tree_pack_1.1/tree_pack_1.1/textures/tree11.png	assets/sprites/legacy/environment/trees/tree_pack_1.1/tree_pack_1.1/textures/tree11.png
assets/sprites/environment/trees/tree_pack_1.1/tree_pack_1.1/textures/tree11.png.import	assets/sprites/legacy/environment/trees/tree_pack_1.1/tree_pack_1.1/textures/tree11.png.import
assets/sprites/environment/trees/tree_pack_1.1/tree_pack_1.1/textures/tree12.png	assets/sprites/legacy/environment/trees/tree_pack_1.1/tree_pack_1.1/textures/tree12.png
assets/sprites/environment/trees/tree_pack_1.1/tree_pack_1.1/textures/tree12.png.import	assets/sprites/legacy/environment/trees/tree_pack_1.1/tree_pack_1.1/textures/tree12.png.import
assets/sprites/environment/trees/tree_pack_1.1/tree_pack_1.1/textures/tree13.png	assets/sprites/legacy/environment/trees/tree_pack_1.1/tree_pack_1.1/textures/tree13.png
assets/sprites/environment/trees/tree_pack_1.1/tree_pack_1.1/textures/tree13.png.import	assets/sprites/legacy/environment/trees/tree_pack_1.1/tree_pack_1.1/textures/tree13.png.import
assets/sprites/environment/trees/tree_pack_1.1/tree_pack_1.1/textures/tree14.png	assets/sprites/legacy/environment/trees/tree_pack_1.1/tree_pack_1.1/textures/tree14.png
assets/sprites/environment/trees/tree_pack_1.1/tree_pack_1.1/textures/tree14.png.import	assets/sprites/legacy/environment/trees/tree_pack_1.1/tree_pack_1.1/textures/tree14.png.import
assets/sprites/environment/trees/tree_pack_1.1/tree_pack_1.1/textures/tree15.png	assets/sprites/legacy/environment/trees/tree_pack_1.1/tree_pack_1.1/textures/tree15.png
assets/sprites/environment/trees/tree_pack_1.1/tree_pack_1.1/textures/tree15.png.import	assets/sprites/legacy/environment/trees/tree_pack_1.1/tree_pack_1.1/textures/tree15.png.import
assets/sprites/environment/trees/tree_pack_1.1/tree_pack_1.1/textures/tree16.png	assets/sprites/legacy/environment/trees/tree_pack_1.1/tree_pack_1.1/textures/tree16.png
assets/sprites/environment/trees/tree_pack_1.1/tree_pack_1.1/textures/tree16.png.import	assets/sprites/legacy/environment/trees/tree_pack_1.1/tree_pack_1.1/textures/tree16.png.import
assets/sprites/environment/trees/tree_pack_1.1/tree_pack_1.1/textures/tree17.png	assets/sprites/legacy/environment/trees/tree_pack_1.1/tree_pack_1.1/textures/tree17.png
assets/sprites/environment/trees/tree_pack_1.1/tree_pack_1.1/textures/tree17.png.import	assets/sprites/legacy/environment/trees/tree_pack_1.1/tree_pack_1.1/textures/tree17.png.import
assets/sprites/environment/trees/tree_pack_1.1/tree_pack_1.1/textures/tree18.png	assets/sprites/legacy/environment/trees/tree_pack_1.1/tree_pack_1.1/textures/tree18.png
assets/sprites/environment/trees/tree_pack_1.1/tree_pack_1.1/textures/tree18.png.import	assets/sprites/legacy/environment/trees/tree_pack_1.1/tree_pack_1.1/textures/tree18.png.import
assets/sprites/environment/trees/tree_pack_1.1/tree_pack_1.1/textures/tree19.png	assets/sprites/legacy/environment/trees/tree_pack_1.1/tree_pack_1.1/textures/tree19.png
assets/sprites/environment/trees/tree_pack_1.1/tree_pack_1.1/textures/tree19.png.import	assets/sprites/legacy/environment/trees/tree_pack_1.1/tree_pack_1.1/textures/tree19.png.import
assets/sprites/environment/trees/tree_pack_1.1/tree_pack_1.1/textures/tree20.png	assets/sprites/legacy/environment/trees/tree_pack_1.1/tree_pack_1.1/textures/tree20.png
assets/sprites/environment/trees/tree_pack_1.1/tree_pack_1.1/textures/tree20.png.import	assets/sprites/legacy/environment/trees/tree_pack_1.1/tree_pack_1.1/textures/tree20.png.import
assets/sprites/environment/trees/tree_pack_1.1/tree_pack_1.1/textures/tree21.png	assets/sprites/legacy/environment/trees/tree_pack_1.1/tree_pack_1.1/textures/tree21.png
assets/sprites/environment/trees/tree_pack_1.1/tree_pack_1.1/textures/tree21.png.import	assets/sprites/legacy/environment/trees/tree_pack_1.1/tree_pack_1.1/textures/tree21.png.import
assets/sprites/environment/trees/tree_pack_1.1/tree_pack_1.1/textures/tree22.png	assets/sprites/legacy/environment/trees/tree_pack_1.1/tree_pack_1.1/textures/tree22.png
assets/sprites/environment/trees/tree_pack_1.1/tree_pack_1.1/textures/tree22.png.import	assets/sprites/legacy/environment/trees/tree_pack_1.1/tree_pack_1.1/textures/tree22.png.import
assets/sprites/environment/trees/tree_pack_1.1/tree_pack_1.1/textures/tree23.png	assets/sprites/legacy/environment/trees/tree_pack_1.1/tree_pack_1.1/textures/tree23.png
assets/sprites/environment/trees/tree_pack_1.1/tree_pack_1.1/textures/tree23.png.import	assets/sprites/legacy/environment/trees/tree_pack_1.1/tree_pack_1.1/textures/tree23.png.import
assets/sprites/environment/trees/tree_pack_1.1/tree_pack_1.1/textures/tree24.png	assets/sprites/legacy/environment/trees/tree_pack_1.1/tree_pack_1.1/textures/tree24.png
assets/sprites/environment/trees/tree_pack_1.1/tree_pack_1.1/textures/tree24.png.import	assets/sprites/legacy/environment/trees/tree_pack_1.1/tree_pack_1.1/textures/tree24.png.import
assets/sprites/environment/trees/tree_pack_1.1/tree_pack_1.1/textures/tree25.png	assets/sprites/legacy/environment/trees/tree_pack_1.1/tree_pack_1.1/textures/tree25.png
assets/sprites/environment/trees/tree_pack_1.1/tree_pack_1.1/textures/tree25.png.import	assets/sprites/legacy/environment/trees/tree_pack_1.1/tree_pack_1.1/textures/tree25.png.import
assets/sprites/environment/trees/tree_pack_1.1/tree_pack_1.1/textures/tree26.png	assets/sprites/legacy/environment/trees/tree_pack_1.1/tree_pack_1.1/textures/tree26.png
assets/sprites/environment/trees/tree_pack_1.1/tree_pack_1.1/textures/tree26.png.import	assets/sprites/legacy/environment/trees/tree_pack_1.1/tree_pack_1.1/textures/tree26.png.import
assets/sprites/environment/trees/tree_pack_1.1/tree_pack_1.1/textures/tree27.png	assets/sprites/legacy/environment/trees/tree_pack_1.1/tree_pack_1.1/textures/tree27.png
assets/sprites/environment/trees/tree_pack_1.1/tree_pack_1.1/textures/tree27.png.import	assets/sprites/legacy/environment/trees/tree_pack_1.1/tree_pack_1.1/textures/tree27.png.import
assets/sprites/environment/trees/tree_pack_1.1/tree_pack_1.1/textures/tree28.png	assets/sprites/legacy/environment/trees/tree_pack_1.1/tree_pack_1.1/textures/tree28.png
assets/sprites/environment/trees/tree_pack_1.1/tree_pack_1.1/textures/tree28.png.import	assets/sprites/legacy/environment/trees/tree_pack_1.1/tree_pack_1.1/textures/tree28.png.import
assets/sprites/environment/trees/tree_pack_1.1/tree_pack_1.1/textures/tree29.png	assets/sprites/legacy/environment/trees/tree_pack_1.1/tree_pack_1.1/textures/tree29.png
assets/sprites/environment/trees/tree_pack_1.1/tree_pack_1.1/textures/tree29.png.import	assets/sprites/legacy/environment/trees/tree_pack_1.1/tree_pack_1.1/textures/tree29.png.import
assets/sprites/environment/trees/tree_pack_1.1/tree_pack_1.1/textures/tree30.png	assets/sprites/legacy/environment/trees/tree_pack_1.1/tree_pack_1.1/textures/tree30.png
assets/sprites/environment/trees/tree_pack_1.1/tree_pack_1.1/textures/tree30.png.import	assets/sprites/legacy/environment/trees/tree_pack_1.1/tree_pack_1.1/textures/tree30.png.import
assets/sprites/environment/trees/tree_pack_1.1/tree_pack_1.1/textures/tree31.png	assets/sprites/legacy/environment/trees/tree_pack_1.1/tree_pack_1.1/textures/tree31.png
assets/sprites/environment/trees/tree_pack_1.1/tree_pack_1.1/textures/tree31.png.import	assets/sprites/legacy/environment/trees/tree_pack_1.1/tree_pack_1.1/textures/tree31.png.import
assets/sprites/environment/trees/tree_pack_1.1/tree_pack_1.1/textures/tree32.png	assets/sprites/legacy/environment/trees/tree_pack_1.1/tree_pack_1.1/textures/tree32.png
assets/sprites/environment/trees/tree_pack_1.1/tree_pack_1.1/textures/tree32.png.import	assets/sprites/legacy/environment/trees/tree_pack_1.1/tree_pack_1.1/textures/tree32.png.import
assets/sprites/environment/trees/tree_pack_1.1/tree_pack_1.1/textures/tree33.png	assets/sprites/legacy/environment/trees/tree_pack_1.1/tree_pack_1.1/textures/tree33.png
assets/sprites/environment/trees/tree_pack_1.1/tree_pack_1.1/textures/tree33.png.import	assets/sprites/legacy/environment/trees/tree_pack_1.1/tree_pack_1.1/textures/tree33.png.import
assets/sprites/environment/trees/tree_pack_1.1/tree_pack_1.1/textures/tree34.png	assets/sprites/legacy/environment/trees/tree_pack_1.1/tree_pack_1.1/textures/tree34.png
assets/sprites/environment/trees/tree_pack_1.1/tree_pack_1.1/textures/tree34.png.import	assets/sprites/legacy/environment/trees/tree_pack_1.1/tree_pack_1.1/textures/tree34.png.import
assets/sprites/environment/trees/tree_pack_1.1/tree_pack_1.1/textures/tree35.png	assets/sprites/legacy/environment/trees/tree_pack_1.1/tree_pack_1.1/textures/tree35.png
assets/sprites/environment/trees/tree_pack_1.1/tree_pack_1.1/textures/tree35.png.import	assets/sprites/legacy/environment/trees/tree_pack_1.1/tree_pack_1.1/textures/tree35.png.import
assets/sprites/environment/trees/tree_pack_1.1/tree_pack_1.1/textures/tree36.png	assets/sprites/legacy/environment/trees/tree_pack_1.1/tree_pack_1.1/textures/tree36.png
assets/sprites/environment/trees/tree_pack_1.1/tree_pack_1.1/textures/tree36.png.import	assets/sprites/legacy/environment/trees/tree_pack_1.1/tree_pack_1.1/textures/tree36.png.import
assets/sprites/environment/walls/gore_dungeon_wall.png	assets/sprites/legacy/environment/walls/gore_dungeon_wall.png
assets/sprites/environment/walls/gore_dungeon_wall.png.import	assets/sprites/legacy/environment/walls/gore_dungeon_wall.png.import
assets/sprites/environment/walls/house_textures.png	assets/sprites/legacy/environment/walls/house_textures.png
assets/sprites/environment/walls/house_textures.png.import	assets/sprites/legacy/environment/walls/house_textures.png.import
assets/sprites/environment/walls/monastary walls.png	assets/sprites/legacy/environment/walls/monastary walls.png
assets/sprites/environment/walls/monastary walls.png.import	assets/sprites/legacy/environment/walls/monastary walls.png.import
assets/sprites/environment/walls/stonewall.png	assets/sprites/legacy/environment/walls/stonewall.png
assets/sprites/environment/walls/stonewall.png.import	assets/sprites/legacy/environment/walls/stonewall.png.import
assets/sprites/environment/walls/wood.png	assets/sprites/legacy/environment/walls/wood.png
assets/sprites/environment/walls/wood.png.import	assets/sprites/legacy/environment/walls/wood.png.import
assets/sprites/items/blue_flower.png	assets/sprites/legacy/items/blue_flower.png
assets/sprites/items/blue_flower.png.import	assets/sprites/legacy/items/blue_flower.png.import
assets/sprites/npcs/animals/cat_animiation.png	assets/sprites/legacy/npcs/animals/cat_animiation.png
assets/sprites/npcs/animals/cat_animiation.png.import	assets/sprites/legacy/npcs/animals/cat_animiation.png.import
assets/sprites/npcs/animals/cow_animiation.png	assets/sprites/legacy/npcs/animals/cow_animiation.png
assets/sprites/npcs/animals/cow_animiation.png.import	assets/sprites/legacy/npcs/animals/cow_animiation.png.import
assets/sprites/npcs/civilians/Hostages/green_dress_hostage.png	assets/sprites/legacy/npcs/civilians/Hostages/green_dress_hostage.png
assets/sprites/npcs/civilians/Hostages/green_dress_hostage.png.import	assets/sprites/legacy/npcs/civilians/Hostages/green_dress_hostage.png.import
assets/sprites/npcs/civilians/Hostages/littlegirl_hostage.png	assets/sprites/legacy/npcs/civilians/Hostages/littlegirl_hostage.png
assets/sprites/npcs/civilians/Hostages/littlegirl_hostage.png.import	assets/sprites/legacy/npcs/civilians/Hostages/littlegirl_hostage.png.import
assets/sprites/npcs/civilians/Hostages/old_man_or_wizard_hostage.png	assets/sprites/legacy/npcs/civilians/Hostages/old_man_or_wizard_hostage.png
assets/sprites/npcs/civilians/Hostages/old_man_or_wizard_hostage.png.import	assets/sprites/legacy/npcs/civilians/Hostages/old_man_or_wizard_hostage.png.import
assets/sprites/npcs/civilians/Hostages/red_dress_hostage.png	assets/sprites/legacy/npcs/civilians/Hostages/red_dress_hostage.png
assets/sprites/npcs/civilians/Hostages/red_dress_hostage.png.import	assets/sprites/legacy/npcs/civilians/Hostages/red_dress_hostage.png.import
assets/sprites/npcs/civilians/Hostages/soldier_hostage.png	assets/sprites/legacy/npcs/civilians/Hostages/soldier_hostage.png
assets/sprites/npcs/civilians/Hostages/soldier_hostage.png.import	assets/sprites/legacy/npcs/civilians/Hostages/soldier_hostage.png.import
assets/sprites/npcs/civilians/Hostages/woodsman_hostage.png	assets/sprites/legacy/npcs/civilians/Hostages/woodsman_hostage.png
assets/sprites/npcs/civilians/Hostages/woodsman_hostage.png.import	assets/sprites/legacy/npcs/civilians/Hostages/woodsman_hostage.png.import
assets/sprites/npcs/civilians/bard_civilian.png	assets/sprites/legacy/npcs/civilians/bard_civilian.png
assets/sprites/npcs/civilians/bard_civilian.png.import	assets/sprites/legacy/npcs/civilians/bard_civilian.png.import
assets/sprites/npcs/civilians/barmaid_3x3.png	assets/sprites/legacy/npcs/civilians/barmaid_3x3.png
assets/sprites/npcs/civilians/barmaid_3x3.png.import	assets/sprites/legacy/npcs/civilians/barmaid_3x3.png.import
assets/sprites/npcs/civilians/barmaid_4x4.png	assets/sprites/legacy/npcs/civilians/barmaid_4x4.png
assets/sprites/npcs/civilians/barmaid_4x4.png.import	assets/sprites/legacy/npcs/civilians/barmaid_4x4.png.import
assets/sprites/npcs/civilians/blacksmith.png	assets/sprites/legacy/npcs/civilians/blacksmith.png
assets/sprites/npcs/civilians/blacksmith.png.import	assets/sprites/legacy/npcs/civilians/blacksmith.png.import
assets/sprites/npcs/civilians/female_hunter.png	assets/sprites/legacy/npcs/civilians/female_hunter.png
assets/sprites/npcs/civilians/female_hunter.png.import	assets/sprites/legacy/npcs/civilians/female_hunter.png.import
assets/sprites/npcs/civilians/female_noble1.png	assets/sprites/legacy/npcs/civilians/female_noble1.png
assets/sprites/npcs/civilians/female_noble1.png.import	assets/sprites/legacy/npcs/civilians/female_noble1.png.import
assets/sprites/npcs/civilians/guard2_civilian.png	assets/sprites/legacy/npcs/civilians/guard2_civilian.png
assets/sprites/npcs/civilians/guard2_civilian.png.import	assets/sprites/legacy/npcs/civilians/guard2_civilian.png.import
assets/sprites/npcs/civilians/guard_civilian.png	assets/sprites/legacy/npcs/civilians/guard_civilian.png
assets/sprites/npcs/civilians/guard_civilian.png.import	assets/sprites/legacy/npcs/civilians/guard_civilian.png.import
assets/sprites/npcs/civilians/guy_civilian1.png	assets/sprites/legacy/npcs/civilians/guy_civilian1.png
assets/sprites/npcs/civilians/guy_civilian1.png.import	assets/sprites/legacy/npcs/civilians/guy_civilian1.png.import
assets/sprites/npcs/civilians/lady_in_red.png	assets/sprites/legacy/npcs/civilians/lady_in_red.png
assets/sprites/npcs/civilians/lady_in_red.png.import	assets/sprites/legacy/npcs/civilians/lady_in_red.png.import
assets/sprites/npcs/civilians/man_civilian.png	assets/sprites/legacy/npcs/civilians/man_civilian.png
assets/sprites/npcs/civilians/man_civilian.png.import	assets/sprites/legacy/npcs/civilians/man_civilian.png.import
assets/sprites/npcs/civilians/man_noble1.png	assets/sprites/legacy/npcs/civilians/man_noble1.png
assets/sprites/npcs/civilians/man_noble1.png.import	assets/sprites/legacy/npcs/civilians/man_noble1.png.import
assets/sprites/npcs/civilians/pinklady.png	assets/sprites/legacy/npcs/civilians/pinklady.png
assets/sprites/npcs/civilians/pinklady.png.import	assets/sprites/legacy/npcs/civilians/pinklady.png.import
assets/sprites/npcs/civilians/seductress2_civilian.png	assets/sprites/legacy/npcs/civilians/seductress2_civilian.png
assets/sprites/npcs/civilians/seductress2_civilian.png.import	assets/sprites/legacy/npcs/civilians/seductress2_civilian.png.import
assets/sprites/npcs/civilians/seductress_civilian.png	assets/sprites/legacy/npcs/civilians/seductress_civilian.png
assets/sprites/npcs/civilians/seductress_civilian.png.import	assets/sprites/legacy/npcs/civilians/seductress_civilian.png.import
assets/sprites/npcs/civilians/seductress_civilian_Front.png	assets/sprites/legacy/npcs/civilians/seductress_civilian_Front.png
assets/sprites/npcs/civilians/seductress_civilian_Front.png.import	assets/sprites/legacy/npcs/civilians/seductress_civilian_Front.png.import
assets/sprites/npcs/civilians/seductress_civilian_back.png	assets/sprites/legacy/npcs/civilians/seductress_civilian_back.png
assets/sprites/npcs/civilians/seductress_civilian_back.png.import	assets/sprites/legacy/npcs/civilians/seductress_civilian_back.png.import
assets/sprites/npcs/civilians/wizard_civilian.png	assets/sprites/legacy/npcs/civilians/wizard_civilian.png
assets/sprites/npcs/civilians/wizard_civilian.png.import	assets/sprites/legacy/npcs/civilians/wizard_civilian.png.import
assets/sprites/npcs/civilians/wizard_mage.png	assets/sprites/legacy/npcs/civilians/wizard_mage.png
assets/sprites/npcs/civilians/wizard_mage.png.import	assets/sprites/legacy/npcs/civilians/wizard_mage.png.import
assets/sprites/npcs/civilians/wizard_wild.png	assets/sprites/legacy/npcs/civilians/wizard_wild.png
assets/sprites/npcs/civilians/wizard_wild.png.import	assets/sprites/legacy/npcs/civilians/wizard_wild.png.import
assets/sprites/npcs/combat/bandit_3.png	assets/sprites/legacy/npcs/combat/bandit_3.png
assets/sprites/npcs/combat/bandit_3.png.import	assets/sprites/legacy/npcs/combat/bandit_3.png.import
assets/sprites/npcs/combat/female_gladiator1.png	assets/sprites/legacy/npcs/combat/female_gladiator1.png
assets/sprites/npcs/combat/female_gladiator1.png.import	assets/sprites/legacy/npcs/combat/female_gladiator1.png.import
assets/sprites/npcs/combat/male_gladiator1.png	assets/sprites/legacy/npcs/combat/male_gladiator1.png
assets/sprites/npcs/combat/male_gladiator1.png.import	assets/sprites/legacy/npcs/combat/male_gladiator1.png.import
assets/sprites/npcs/combat/thief.png	assets/sprites/legacy/npcs/combat/thief.png
assets/sprites/npcs/combat/thief.png.import	assets/sprites/legacy/npcs/combat/thief.png.import
assets/sprites/npcs/dwarves/dwarf_1.png	assets/sprites/legacy/npcs/dwarves/dwarf_1.png
assets/sprites/npcs/dwarves/dwarf_1.png.import	assets/sprites/legacy/npcs/dwarves/dwarf_1.png.import
assets/sprites/npcs/dwarves/dwarf_2.png	assets/sprites/legacy/npcs/dwarves/dwarf_2.png
assets/sprites/npcs/dwarves/dwarf_2.png.import	assets/sprites/legacy/npcs/dwarves/dwarf_2.png.import
assets/sprites/npcs/dwarves/dwarf_3.png	assets/sprites/legacy/npcs/dwarves/dwarf_3.png
assets/sprites/npcs/dwarves/dwarf_3.png.import	assets/sprites/legacy/npcs/dwarves/dwarf_3.png.import
assets/sprites/npcs/dwarves/dwarf_molten1.png	assets/sprites/legacy/npcs/dwarves/dwarf_molten1.png
assets/sprites/npcs/dwarves/dwarf_molten1.png.import	assets/sprites/legacy/npcs/dwarves/dwarf_molten1.png.import
assets/sprites/npcs/dwarves/dwarf_molten2.png	assets/sprites/legacy/npcs/dwarves/dwarf_molten2.png
assets/sprites/npcs/dwarves/dwarf_molten2.png.import	assets/sprites/legacy/npcs/dwarves/dwarf_molten2.png.import
assets/sprites/npcs/dwarves/dwarf_molten3.png	assets/sprites/legacy/npcs/dwarves/dwarf_molten3.png
assets/sprites/npcs/dwarves/dwarf_molten3.png.import	assets/sprites/legacy/npcs/dwarves/dwarf_molten3.png.import
assets/sprites/npcs/merchants/Innkeeper_man.png	assets/sprites/legacy/npcs/merchants/Innkeeper_man.png
assets/sprites/npcs/merchants/Innkeeper_man.png.import	assets/sprites/legacy/npcs/merchants/Innkeeper_man.png.import
assets/sprites/npcs/merchants/Innkeeper_woman.png	assets/sprites/legacy/npcs/merchants/Innkeeper_woman.png
assets/sprites/npcs/merchants/Innkeeper_woman.png.import	assets/sprites/legacy/npcs/merchants/Innkeeper_woman.png.import
assets/sprites/npcs/merchants/blacksmith.png	assets/sprites/legacy/npcs/merchants/blacksmith.png
assets/sprites/npcs/merchants/blacksmith.png.import	assets/sprites/legacy/npcs/merchants/blacksmith.png.import
assets/sprites/npcs/merchants/magic_shop_worker.png	assets/sprites/legacy/npcs/merchants/magic_shop_worker.png
assets/sprites/npcs/merchants/magic_shop_worker.png.import	assets/sprites/legacy/npcs/merchants/magic_shop_worker.png.import
assets/sprites/npcs/merchants/merchant_civilian.png	assets/sprites/legacy/npcs/merchants/merchant_civilian.png
assets/sprites/npcs/merchants/merchant_civilian.png.import	assets/sprites/legacy/npcs/merchants/merchant_civilian.png.import
assets/sprites/npcs/named/aldric_vane.png	assets/sprites/legacy/npcs/named/aldric_vane.png
assets/sprites/npcs/named/aldric_vane.png.import	assets/sprites/legacy/npcs/named/aldric_vane.png.import
assets/sprites/npcs/named/aleric_vale.png	assets/sprites/legacy/npcs/named/aleric_vale.png
assets/sprites/npcs/named/aleric_vale.png.import	assets/sprites/legacy/npcs/named/aleric_vale.png.import
assets/sprites/npcs/named/conan_easter_egg.png	assets/sprites/legacy/npcs/named/conan_easter_egg.png
assets/sprites/npcs/named/conan_easter_egg.png.import	assets/sprites/legacy/npcs/named/conan_easter_egg.png.import
assets/sprites/npcs/named/martha_cook.png	assets/sprites/legacy/npcs/named/martha_cook.png
assets/sprites/npcs/named/martha_cook.png.import	assets/sprites/legacy/npcs/named/martha_cook.png.import
assets/sprites/npcs/named/old_man_sage.png	assets/sprites/legacy/npcs/named/old_man_sage.png
assets/sprites/npcs/named/old_man_sage.png.import	assets/sprites/legacy/npcs/named/old_man_sage.png.import
assets/sprites/npcs/named/spock.png	assets/sprites/legacy/npcs/named/spock.png
assets/sprites/npcs/named/spock.png.import	assets/sprites/legacy/npcs/named/spock.png.import
assets/sprites/npcs/named/tharin_ironbeard.png	assets/sprites/legacy/npcs/named/tharin_ironbeard.png
assets/sprites/npcs/named/tharin_ironbeard.png.import	assets/sprites/legacy/npcs/named/tharin_ironbeard.png.import
assets/sprites/npcs/named/thornfield_leader.png	assets/sprites/legacy/npcs/named/thornfield_leader.png
assets/sprites/npcs/named/thornfield_leader.png.import	assets/sprites/legacy/npcs/named/thornfield_leader.png.import
assets/sprites/npcs/named/village_leader.png	assets/sprites/legacy/npcs/named/village_leader.png
assets/sprites/npcs/named/village_leader.png.import	assets/sprites/legacy/npcs/named/village_leader.png.import
assets/sprites/npcs/temple/monk_1.png	assets/sprites/legacy/npcs/temple/monk_1.png
assets/sprites/npcs/temple/monk_1.png.import	assets/sprites/legacy/npcs/temple/monk_1.png.import
assets/sprites/npcs/temple/monk_2.png	assets/sprites/legacy/npcs/temple/monk_2.png
assets/sprites/npcs/temple/monk_2.png.import	assets/sprites/legacy/npcs/temple/monk_2.png.import
assets/sprites/npcs/temple/monk_3_purple.png	assets/sprites/legacy/npcs/temple/monk_3_purple.png
assets/sprites/npcs/temple/monk_3_purple.png.import	assets/sprites/legacy/npcs/temple/monk_3_purple.png.import
assets/sprites/props/dungeon/coffin_skeleton.png	assets/sprites/legacy/props/dungeon/coffin_skeleton.png
assets/sprites/props/dungeon/coffin_skeleton.png.import	assets/sprites/legacy/props/dungeon/coffin_skeleton.png.import
assets/sprites/props/dungeon/gore_pile1.png	assets/sprites/legacy/props/dungeon/gore_pile1.png
assets/sprites/props/dungeon/gore_pile1.png.import	assets/sprites/legacy/props/dungeon/gore_pile1.png.import
assets/sprites/props/dungeon/gore_pile2.png	assets/sprites/legacy/props/dungeon/gore_pile2.png
assets/sprites/props/dungeon/gore_pile2.png.import	assets/sprites/legacy/props/dungeon/gore_pile2.png.import
assets/sprites/props/dungeon/gore_totem1.png	assets/sprites/legacy/props/dungeon/gore_totem1.png
assets/sprites/props/dungeon/gore_totem1.png.import	assets/sprites/legacy/props/dungeon/gore_totem1.png.import
assets/sprites/props/dungeon/gore_totem2.png	assets/sprites/legacy/props/dungeon/gore_totem2.png
assets/sprites/props/dungeon/gore_totem2.png.import	assets/sprites/legacy/props/dungeon/gore_totem2.png.import
assets/sprites/props/dungeon/gravehead_1.png	assets/sprites/legacy/props/dungeon/gravehead_1.png
assets/sprites/props/dungeon/gravehead_1.png.import	assets/sprites/legacy/props/dungeon/gravehead_1.png.import
assets/sprites/props/dungeon/gravehead_2.png	assets/sprites/legacy/props/dungeon/gravehead_2.png
assets/sprites/props/dungeon/gravehead_2.png.import	assets/sprites/legacy/props/dungeon/gravehead_2.png.import
assets/sprites/props/dungeon/gravehead_3.png	assets/sprites/legacy/props/dungeon/gravehead_3.png
assets/sprites/props/dungeon/gravehead_3.png.import	assets/sprites/legacy/props/dungeon/gravehead_3.png.import
assets/sprites/props/dungeon/hanging_gore_totem1.png	assets/sprites/legacy/props/dungeon/hanging_gore_totem1.png
assets/sprites/props/dungeon/hanging_gore_totem1.png.import	assets/sprites/legacy/props/dungeon/hanging_gore_totem1.png.import
assets/sprites/props/dungeon/hanging_gore_totem2.png	assets/sprites/legacy/props/dungeon/hanging_gore_totem2.png
assets/sprites/props/dungeon/hanging_gore_totem2.png.import	assets/sprites/legacy/props/dungeon/hanging_gore_totem2.png.import
assets/sprites/props/dungeon/hanging_gore_totem3.png	assets/sprites/legacy/props/dungeon/hanging_gore_totem3.png
assets/sprites/props/dungeon/hanging_gore_totem3.png.import	assets/sprites/legacy/props/dungeon/hanging_gore_totem3.png.import
assets/sprites/props/dungeon/pentagram.png	assets/sprites/legacy/props/dungeon/pentagram.png
assets/sprites/props/dungeon/pentagram.png.import	assets/sprites/legacy/props/dungeon/pentagram.png.import
assets/sprites/props/dungeon/skull_pile.png	assets/sprites/legacy/props/dungeon/skull_pile.png
assets/sprites/props/dungeon/skull_pile.png.import	assets/sprites/legacy/props/dungeon/skull_pile.png.import
assets/sprites/props/dungeon/skull_pillar.png	assets/sprites/legacy/props/dungeon/skull_pillar.png
assets/sprites/props/dungeon/skull_pillar.png.import	assets/sprites/legacy/props/dungeon/skull_pillar.png.import
assets/sprites/props/dungeon/skulls_spike1.png	assets/sprites/legacy/props/dungeon/skulls_spike1.png
assets/sprites/props/dungeon/skulls_spike1.png.import	assets/sprites/legacy/props/dungeon/skulls_spike1.png.import
assets/sprites/props/dungeon/skulls_spike2.png	assets/sprites/legacy/props/dungeon/skulls_spike2.png
assets/sprites/props/dungeon/skulls_spike2.png.import	assets/sprites/legacy/props/dungeon/skulls_spike2.png.import
assets/sprites/props/dungeon/skulls_spike3.png	assets/sprites/legacy/props/dungeon/skulls_spike3.png
assets/sprites/props/dungeon/skulls_spike3.png.import	assets/sprites/legacy/props/dungeon/skulls_spike3.png.import
assets/sprites/props/furniture/fire_pit.png	assets/sprites/legacy/props/furniture/fire_pit.png
assets/sprites/props/furniture/fire_pit.png.import	assets/sprites/legacy/props/furniture/fire_pit.png.import
assets/sprites/props/furniture/fireplace.png	assets/sprites/legacy/props/furniture/fireplace.png
assets/sprites/props/furniture/fireplace.png.import	assets/sprites/legacy/props/furniture/fireplace.png.import
assets/sprites/props/furniture/shrine.png	assets/sprites/legacy/props/furniture/shrine.png
assets/sprites/props/furniture/shrine.png.import	assets/sprites/legacy/props/furniture/shrine.png.import
assets/sprites/props/monastery/monastary_altar1.png.png	assets/sprites/legacy/props/monastery/monastary_altar1.png.png
assets/sprites/props/monastery/monastary_altar1.png.png.import	assets/sprites/legacy/props/monastery/monastary_altar1.png.png.import
assets/sprites/props/monastery/monastary_floor1.png	assets/sprites/legacy/props/monastery/monastary_floor1.png
assets/sprites/props/monastery/monastary_floor1.png.import	assets/sprites/legacy/props/monastery/monastary_floor1.png.import
assets/sprites/props/monastery/monastary_floor2.png	assets/sprites/legacy/props/monastery/monastary_floor2.png
assets/sprites/props/monastery/monastary_floor2.png.import	assets/sprites/legacy/props/monastery/monastary_floor2.png.import
assets/sprites/props/monastery/monastary_floor_outside2.png	assets/sprites/legacy/props/monastery/monastary_floor_outside2.png
assets/sprites/props/monastery/monastary_floor_outside2.png.import	assets/sprites/legacy/props/monastery/monastary_floor_outside2.png.import
assets/sprites/props/monastery/monastary_floor_outside3.png	assets/sprites/legacy/props/monastery/monastary_floor_outside3.png
assets/sprites/props/monastery/monastary_floor_outside3.png.import	assets/sprites/legacy/props/monastery/monastary_floor_outside3.png.import
assets/sprites/props/monastery/monastary_hanging1.png	assets/sprites/legacy/props/monastery/monastary_hanging1.png
assets/sprites/props/monastery/monastary_hanging1.png.import	assets/sprites/legacy/props/monastery/monastary_hanging1.png.import
assets/sprites/props/monastery/monastary_hanging2.png	assets/sprites/legacy/props/monastery/monastary_hanging2.png
assets/sprites/props/monastery/monastary_hanging2.png.import	assets/sprites/legacy/props/monastery/monastary_hanging2.png.import
assets/sprites/props/monastery/monastary_wall1.png	assets/sprites/legacy/props/monastery/monastary_wall1.png
assets/sprites/props/monastery/monastary_wall1.png.import	assets/sprites/legacy/props/monastery/monastary_wall1.png.import
assets/sprites/props/monastery/monastary_wall2.png	assets/sprites/legacy/props/monastery/monastary_wall2.png
assets/sprites/props/monastery/monastary_wall2.png.import	assets/sprites/legacy/props/monastery/monastary_wall2.png.import
assets/sprites/props/monastery/statue_decay1.png	assets/sprites/legacy/props/monastery/statue_decay1.png
assets/sprites/props/monastery/statue_decay1.png.import	assets/sprites/legacy/props/monastery/statue_decay1.png.import
assets/sprites/props/monastery/statue_decay2.png	assets/sprites/legacy/props/monastery/statue_decay2.png
assets/sprites/props/monastery/statue_decay2.png.import	assets/sprites/legacy/props/monastery/statue_decay2.png.import
assets/sprites/props/monastery/statue_decay3.png.png	assets/sprites/legacy/props/monastery/statue_decay3.png.png
assets/sprites/props/monastery/statue_decay3.png.png.import	assets/sprites/legacy/props/monastery/statue_decay3.png.png.import
assets/sprites/props/monastery/statue_decay4.png	assets/sprites/legacy/props/monastery/statue_decay4.png
assets/sprites/props/monastery/statue_decay4.png.import	assets/sprites/legacy/props/monastery/statue_decay4.png.import
assets/sprites/props/monastery/statue_decay5.png	assets/sprites/legacy/props/monastery/statue_decay5.png
assets/sprites/props/monastery/statue_decay5.png.import	assets/sprites/legacy/props/monastery/statue_decay5.png.import
assets/sprites/props/monastery/statue_decay6.png	assets/sprites/legacy/props/monastery/statue_decay6.png
assets/sprites/props/monastery/statue_decay6.png.import	assets/sprites/legacy/props/monastery/statue_decay6.png.import
assets/sprites/props/monastery/town_jugs1.png	assets/sprites/legacy/props/monastery/town_jugs1.png
assets/sprites/props/monastery/town_jugs1.png.import	assets/sprites/legacy/props/monastery/town_jugs1.png.import
assets/sprites/props/monastery/town_jugs2.png	assets/sprites/legacy/props/monastery/town_jugs2.png
assets/sprites/props/monastery/town_jugs2.png.import	assets/sprites/legacy/props/monastery/town_jugs2.png.import
assets/sprites/props/monastery/town_jugs3.png	assets/sprites/legacy/props/monastery/town_jugs3.png
assets/sprites/props/monastery/town_jugs3.png.import	assets/sprites/legacy/props/monastery/town_jugs3.png.import
assets/sprites/props/signs/blacksmith_sign.png	assets/sprites/legacy/props/signs/blacksmith_sign.png
assets/sprites/props/signs/blacksmith_sign.png.import	assets/sprites/legacy/props/signs/blacksmith_sign.png.import
assets/sprites/props/signs/bounty_board.png	assets/sprites/legacy/props/signs/bounty_board.png
assets/sprites/props/signs/bounty_board.png.import	assets/sprites/legacy/props/signs/bounty_board.png.import
assets/sprites/props/signs/generalstore_sign.png	assets/sprites/legacy/props/signs/generalstore_sign.png
assets/sprites/props/signs/generalstore_sign.png.import	assets/sprites/legacy/props/signs/generalstore_sign.png.import
assets/sprites/props/signs/magic_store_sign.png	assets/sprites/legacy/props/signs/magic_store_sign.png
assets/sprites/props/signs/magic_store_sign.png.import	assets/sprites/legacy/props/signs/magic_store_sign.png.import
assets/sprites/props/signs/tavern_sign.png	assets/sprites/legacy/props/signs/tavern_sign.png
assets/sprites/props/signs/tavern_sign.png.import	assets/sprites/legacy/props/signs/tavern_sign.png.import
assets/sprites/props/torch_animated.png	assets/sprites/legacy/props/torch_animated.png
assets/sprites/props/torch_animated.png.import	assets/sprites/legacy/props/torch_animated.png.import
assets/sprites/vehicles/pirate_ship/pirate_ship_front.png	assets/sprites/legacy/vehicles/pirate_ship/pirate_ship_front.png
assets/sprites/vehicles/pirate_ship/pirate_ship_front.png.import	assets/sprites/legacy/vehicles/pirate_ship/pirate_ship_front.png.import
assets/sprites/vehicles/pirate_ship/pirate_ship_portside.png	assets/sprites/legacy/vehicles/pirate_ship/pirate_ship_portside.png
assets/sprites/vehicles/pirate_ship/pirate_ship_portside.png.import	assets/sprites/legacy/vehicles/pirate_ship/pirate_ship_portside.png.import
assets/sprites/vehicles/pirate_ship/pirate_ship_starboardside.png	assets/sprites/legacy/vehicles/pirate_ship/pirate_ship_starboardside.png
assets/sprites/vehicles/pirate_ship/pirate_ship_starboardside.png.import	assets/sprites/legacy/vehicles/pirate_ship/pirate_ship_starboardside.png.import
assets/sprites/vehicles/pirate_ship/props/barrels_sacks.png	assets/sprites/legacy/vehicles/pirate_ship/props/barrels_sacks.png
assets/sprites/vehicles/pirate_ship/props/barrels_sacks.png.import	assets/sprites/legacy/vehicles/pirate_ship/props/barrels_sacks.png.import
assets/sprites/vehicles/pirate_ship/props/railing.png	assets/sprites/legacy/vehicles/pirate_ship/props/railing.png
assets/sprites/vehicles/pirate_ship/props/railing.png.import	assets/sprites/legacy/vehicles/pirate_ship/props/railing.png.import
assets/sprites/vehicles/pirate_ship/props/steering_wheel.png	assets/sprites/legacy/vehicles/pirate_ship/props/steering_wheel.png
assets/sprites/vehicles/pirate_ship/props/steering_wheel.png.import	assets/sprites/legacy/vehicles/pirate_ship/props/steering_wheel.png.import
assets/sprites/vfx/magic_attacking_full.png	assets/sprites/legacy/vfx/magic_attacking_full.png
assets/sprites/vfx/magic_attacking_full.png.import	assets/sprites/legacy/vfx/magic_attacking_full.png.import
assets/sprites/vfx/magic_shooting1.png	assets/sprites/legacy/vfx/magic_shooting1.png
assets/sprites/vfx/magic_shooting1.png.import	assets/sprites/legacy/vfx/magic_shooting1.png.import
assets/sprites/vfx/magic_shooting2.png	assets/sprites/legacy/vfx/magic_shooting2.png
assets/sprites/vfx/magic_shooting2.png.import	assets/sprites/legacy/vfx/magic_shooting2.png.import
assets/sprites/vfx/magic_shooting3.png	assets/sprites/legacy/vfx/magic_shooting3.png
assets/sprites/vfx/magic_shooting3.png.import	assets/sprites/legacy/vfx/magic_shooting3.png.import
assets/sprites/weapons/arm_swing_4x4.png	assets/sprites/legacy/weapons/arm_swing_4x4.png
assets/sprites/weapons/arm_swing_4x4.png.import	assets/sprites/legacy/weapons/arm_swing_4x4.png.import
assets/sprites/weapons/unarmed.png	assets/sprites/legacy/weapons/unarmed.png
assets/sprites/weapons/unarmed.png.import	assets/sprites/legacy/weapons/unarmed.png.import
assets/sprites/weapons/unarmed_idle.png	assets/sprites/legacy/weapons/unarmed_idle.png
assets/sprites/weapons/unarmed_idle.png.import	assets/sprites/legacy/weapons/unarmed_idle.png.import
assets/sprites/weapons/unarmed_punch.png	assets/sprites/legacy/weapons/unarmed_punch.png
assets/sprites/weapons/unarmed_punch.png.import	assets/sprites/legacy/weapons/unarmed_punch.png.import
assets/sprites/world/crashed_ship.png	assets/sprites/legacy/world/crashed_ship.png
assets/sprites/world/crashed_ship.png.import	assets/sprites/legacy/world/crashed_ship.png.import
assets/sprites/world/gold_vein.png	assets/sprites/legacy/world/gold_vein.png
assets/sprites/world/gold_vein.png.import	assets/sprites/legacy/world/gold_vein.png.import
assets/sprites/world/iron_vein.png	assets/sprites/legacy/world/iron_vein.png
assets/sprites/world/iron_vein.png.import	assets/sprites/legacy/world/iron_vein.png.import
assets/sprites/world/rock.png	assets/sprites/legacy/world/rock.png
assets/sprites/world/rock.png.import	assets/sprites/legacy/world/rock.png.import
assets/sprites/world/silver_vein.png	assets/sprites/legacy/world/silver_vein.png
assets/sprites/world/silver_vein.png.import	assets/sprites/legacy/world/silver_vein.png.import
data/conversation_pools/career_greetings.json	data/dialogue/pools/career_greetings.json
data/conversation_pools/career_topics.json	data/dialogue/pools/career_topics.json
data/conversation_pools/directions.json	data/dialogue/pools/directions.json
data/conversation_pools/farewells.json	data/dialogue/pools/farewells.json
data/conversation_pools/greetings.json	data/dialogue/pools/greetings.json
data/conversation_pools/local_news.json	data/dialogue/pools/local_news.json
data/conversation_pools/personal.json	data/dialogue/pools/personal.json
data/conversation_pools/quests.json	data/dialogue/pools/quests.json
data/conversation_pools/reaction_greetings.json	data/dialogue/pools/reaction_greetings.json
data/conversation_pools/reactions.json	data/dialogue/pools/reactions.json
data/conversation_pools/rumors.json	data/dialogue/pools/rumors.json
data/conversation_pools/trade.json	data/dialogue/pools/trade.json
data/conversation_pools/unique/SCHEMA.md	data/dialogue/pools/unique/SCHEMA.md
data/conversation_pools/weather.tres	data/dialogue/pools/weather.tres
data/dialogue/adventurers_guild_contract_clerk.json	data/dialogue/trees/adventurers_guild_contract_clerk.json
data/dialogue/alchemist_training.json	data/dialogue/trees/alchemist_training.json
data/dialogue/aldric_vane_keepers.json	data/dialogue/trees/aldric_vane_keepers.json
data/dialogue/arcane_circle_research_board.json	data/dialogue/trees/arcane_circle_research_board.json
data/dialogue/archmage_elara.json	data/dialogue/trees/archmage_elara.json
data/dialogue/arena_master_gormund.json	data/dialogue/trees/arena_master_gormund.json
data/dialogue/blacksmith_training.json	data/dialogue/trees/blacksmith_training.json
data/dialogue/captain_roderick_steele.json	data/dialogue/trees/captain_roderick_steele.json
data/dialogue/companions/apprentice_lyris.json	data/dialogue/trees/companions/apprentice_lyris.json
data/dialogue/companions/grimjaw.json	data/dialogue/trees/companions/grimjaw.json
data/dialogue/companions/red_mara.json	data/dialogue/trees/companions/red_mara.json
data/dialogue/companions/sergeant_kira_ironheart.json	data/dialogue/trees/companions/sergeant_kira_ironheart.json
data/dialogue/companions/sylva_swiftfoot.json	data/dialogue/trees/companions/sylva_swiftfoot.json
data/dialogue/companions/theron_the_bold.json	data/dialogue/trees/companions/theron_the_bold.json
data/dialogue/companions/whisper.json	data/dialogue/trees/companions/whisper.json
data/dialogue/companions/zephyr.json	data/dialogue/trees/companions/zephyr.json
data/dialogue/father_aldwin_aberdeen.json	data/dialogue/trees/father_aldwin_aberdeen.json
data/dialogue/guildmaster_vorn.json	data/dialogue/trees/guildmaster_vorn.json
data/dialogue/harbor_master_dalhurst.json	data/dialogue/trees/harbor_master_dalhurst.json
data/dialogue/harbor_master_ghost_ship_quest.json	data/dialogue/trees/harbor_master_ghost_ship_quest.json
data/dialogue/harbor_master_larton.json	data/dialogue/trees/harbor_master_larton.json
data/dialogue/intro_text.json	data/dialogue/trees/intro_text.json
data/dialogue/iron_company_contract_clerk.json	data/dialogue/trees/iron_company_contract_clerk.json
data/dialogue/katrina_steelwind.json	data/dialogue/trees/katrina_steelwind.json
data/dialogue/kazan_dun_loremaster.json	data/dialogue/trees/kazan_dun_loremaster.json
data/dialogue/kazan_dun_regent.json	data/dialogue/trees/kazan_dun_regent.json
data/dialogue/kazan_dun_thane.json	data/dialogue/trees/kazan_dun_thane.json
data/dialogue/lady_nightshade.json	data/dialogue/trees/lady_nightshade.json
data/dialogue/master_helvant_wizard_training.json	data/dialogue/trees/master_helvant_wizard_training.json
data/dialogue/millbrook_bandit_chief.json	data/dialogue/trees/millbrook_bandit_chief.json
data/dialogue/millbrook_bandit_quartermaster.json	data/dialogue/trees/millbrook_bandit_quartermaster.json
data/dialogue/millbrook_elder.json	data/dialogue/trees/millbrook_elder.json
data/dialogue/priest_chronos_dalhurst.json	data/dialogue/trees/priest_chronos_dalhurst.json
data/dialogue/priest_gaela_dalhurst.json	data/dialogue/trees/priest_gaela_dalhurst.json
data/dialogue/priest_morthane_elder_moor.json	data/dialogue/trees/priest_morthane_elder_moor.json
data/dialogue/ratfang_snotcheeze.json	data/dialogue/trees/ratfang_snotcheeze.json
data/dialogue/raven_thief_contact.json	data/dialogue/trees/raven_thief_contact.json
data/dialogue/red_mara.json	data/dialogue/trees/red_mara.json
data/dialogue/shadowmaster_vex.json	data/dialogue/trees/shadowmaster_vex.json
data/dialogue/tharin_ironbeard_wolves.json	data/dialogue/trees/tharin_ironbeard_wolves.json
data/dialogue/theron_the_bold.json	data/dialogue/trees/theron_the_bold.json
data/dialogue/thieves_guild_contract_board.json	data/dialogue/trees/thieves_guild_contract_board.json
data/dialogue/thieves_guild_fence.json	data/dialogue/trees/thieves_guild_fence.json
data/dialogue/thieves_guild_recruiter.json	data/dialogue/trees/thieves_guild_recruiter.json
data/dialogue/varn_the_scarred_arena.json	data/dialogue/trees/varn_the_scarred_arena.json
data/dialogues/aldric_vane.tres	data/dialogue/resources/aldric_vane.tres
data/dialogues/apprentice_marcus.json	data/dialogue/resources/apprentice_marcus.json
data/dialogues/blacksmith_greeting.tres	data/dialogue/resources/blacksmith_greeting.tres
data/dialogues/fighters_guild_rep.tres	data/dialogue/resources/fighters_guild_rep.tres
data/dialogues/guard_generic.tres	data/dialogue/resources/guard_generic.tres
data/dialogues/mages_guild_rep.tres	data/dialogue/resources/mages_guild_rep.tres
data/dialogues/merchant_haggle.tres	data/dialogue/resources/merchant_haggle.tres
data/dialogues/millbrook_elder.tres	data/dialogue/resources/millbrook_elder.tres
data/dialogues/miller_oswin.tres	data/dialogue/resources/miller_oswin.tres
data/dialogues/priest_of_harvest.tres	data/dialogue/resources/priest_of_harvest.tres
data/dialogues/priest_of_rebirth.tres	data/dialogue/resources/priest_of_rebirth.tres
data/dialogues/priest_of_time.tres	data/dialogue/resources/priest_of_time.tres
data/dialogues/sister_edith.tres	data/dialogue/resources/sister_edith.tres
data/dialogues/tharin_ironbeard.tres	data/dialogue/resources/tharin_ironbeard.tres
data/dialogues/thieves_guild_rep.tres	data/dialogue/resources/thieves_guild_rep.tres
data/dialogues/villager_generic.tres	data/dialogue/resources/villager_generic.tres
data/quests/_future/capital_intrigue.json	docs/design/future_quests/capital_intrigue.json
data/quests/_future/journey_to_kazandun.json	docs/design/future_quests/journey_to_kazandun.json
data/quests/_future/larton_famine.json	docs/design/future_quests/larton_famine.json
data/quests/_future/missing_surveyors.json	docs/design/future_quests/missing_surveyors.json
data/quests/_future/rat_problem.json	docs/design/future_quests/rat_problem.json
data/quests/_future/tenger_scouts.json	docs/design/future_quests/tenger_scouts.json
data/quests/_future/the_false_queen.json	docs/design/future_quests/the_false_queen.json
data/quests/_future/the_imprisoned_king.json	docs/design/future_quests/the_imprisoned_king.json
data/quests/_future/the_kings_secret.json	docs/design/future_quests/the_kings_secret.json
design/adr/001-cell-streaming.md	docs/adr/001-cell-streaming.md
design/adr/002-save-system.md	docs/adr/002-save-system.md
design/adr/003-ui-patterns.md	docs/adr/003-ui-patterns.md
design/adr/004-travel-systems.md	docs/adr/004-travel-systems.md
design/gdd/act1-unique-locations.md	docs/gdd/act1-unique-locations.md
design/gdd/combat-system.md	docs/gdd/combat-system.md
design/gdd/conversation-pools-expansion.md	docs/gdd/conversation-pools-expansion.md
design/gdd/dialogue-system.md	docs/gdd/dialogue-system.md
design/gdd/quest-system.md	docs/gdd/quest-system.md
design/gdd/world-system.md	docs/gdd/world-system.md
dev/dev/combat_arena_test.tscn	dev/harnesses/combat_arena_test.tscn
dev/dev/crafting_test/crafting_test_scene.gd	dev/harnesses/crafting_test_scene.gd
dev/dev/crafting_test/crafting_test_scene.gd.uid	dev/harnesses/crafting_test_scene.gd.uid
dev/dev/crafting_test/crafting_test_scene.tscn	dev/harnesses/crafting_test_scene.tscn
dev/dev/crime_test/crime_test_scene.gd	dev/harnesses/crime_test_scene.gd
dev/dev/crime_test/crime_test_scene.gd.uid	dev/harnesses/crime_test_scene.gd.uid
dev/dev/crime_test/crime_test_scene.tscn	dev/harnesses/crime_test_scene.tscn
dev/dev/ladder_test/ladder_test_scene.gd	dev/harnesses/ladder_test_scene.gd
dev/dev/ladder_test/ladder_test_scene.gd.uid	dev/harnesses/ladder_test_scene.gd.uid
dev/dev/ladder_test/ladder_test_scene.tscn	dev/harnesses/ladder_test_scene.tscn
dev/item_zoo/item_zoo.gd	dev/editors/item_zoo/item_zoo.gd
dev/item_zoo/item_zoo.gd.uid	dev/editors/item_zoo/item_zoo.gd.uid
dev/item_zoo/item_zoo.tscn	dev/editors/item_zoo/item_zoo.tscn
dev/unit_viewer/unit_viewer.gd	dev/editors/unit_viewer/unit_viewer.gd
dev/unit_viewer/unit_viewer.gd.uid	dev/editors/unit_viewer/unit_viewer.gd.uid
dev/unit_viewer/unit_viewer.tscn	dev/editors/unit_viewer/unit_viewer.tscn
dev/weapon_editor/viewmodel_editor.gd	dev/editors/weapon_editor/viewmodel_editor.gd
dev/weapon_editor/viewmodel_editor.gd.uid	dev/editors/weapon_editor/viewmodel_editor.gd.uid
dev/weapon_editor/viewmodel_editor.tscn	dev/editors/weapon_editor/viewmodel_editor.tscn
dev/weapon_editor/viewmodel_editor_3rd_person.gd	dev/editors/weapon_editor/viewmodel_editor_3rd_person.gd
dev/weapon_editor/viewmodel_editor_3rd_person.gd.uid	dev/editors/weapon_editor/viewmodel_editor_3rd_person.gd.uid
dev/weapon_editor/viewmodel_editor_3rd_person.tscn	dev/editors/weapon_editor/viewmodel_editor_3rd_person.tscn
dev/zoo/actor_zoo.gd	dev/editors/actor_zoo/actor_zoo.gd
dev/zoo/actor_zoo.gd.uid	dev/editors/actor_zoo/actor_zoo.gd.uid
dev/zoo/actor_zoo.tscn	dev/editors/actor_zoo/actor_zoo.tscn
dev/zoo/zoo_card.gd	dev/editors/actor_zoo/zoo_card.gd
dev/zoo/zoo_card.gd.uid	dev/editors/actor_zoo/zoo_card.gd.uid
dev/zoo/zoo_registry.gd	dev/editors/actor_zoo/zoo_registry.gd
dev/zoo/zoo_registry.gd.uid	dev/editors/actor_zoo/zoo_registry.gd.uid
resources/projectiles/arrow_basic.tres	data/projectiles/arrow_basic.tres
resources/projectiles/arrow_hunting.tres	data/projectiles/arrow_hunting.tres
resources/projectiles/bolt_crossbow.tres	data/projectiles/bolt_crossbow.tres
resources/projectiles/musket_ball.tres	data/projectiles/musket_ball.tres
scenes/combat/default_projectile.tscn	scenes/effects/default_projectile.tscn
scenes/combat/fireball_projectile.tscn	scenes/effects/fireball_projectile.tscn
scenes/dev/boat_travel_test.tscn	dev/harnesses/boat_travel_test.tscn
scenes/dev/cave_door_test.tscn	dev/harnesses/cave_door_test.tscn
scenes/dev/cave_instance_test.tscn	dev/harnesses/cave_instance_test.tscn
scenes/dev/cave_interior_test.tscn	dev/harnesses/cave_interior_test.tscn
scenes/dev/cave_test.tscn	dev/harnesses/cave_test.tscn
scenes/dev/custom_cave_test.tscn	dev/harnesses/custom_cave_test.tscn
scenes/dev/duel_test.tscn	dev/harnesses/duel_test.tscn
scenes/dev/dungeon_entrance_test.tscn	dev/harnesses/dungeon_entrance_test.tscn
scenes/dev/fly_camera.gd	dev/harnesses/fly_camera.gd
scenes/dev/fly_camera.gd.uid	dev/harnesses/fly_camera.gd.uid
scenes/dev/fly_camera.tscn	dev/harnesses/fly_camera.tscn
scenes/dev/hidden_chest_test.tscn	dev/harnesses/hidden_chest_test.tscn
scenes/dev/secret_wall_test.tscn	dev/harnesses/secret_wall_test.tscn
scenes/dev/simple_player_controller.gd	dev/harnesses/simple_player_controller.gd
scenes/dev/simple_player_controller.gd.uid	dev/harnesses/simple_player_controller.gd.uid
scenes/dev/town_preview.tscn	dev/harnesses/town_preview.tscn
scenes/dev/town_switcher.tscn	dev/harnesses/town_switcher.tscn
scenes/dungeon_entrances/archway_entrance.tscn	scenes/generation/entrances/archway_entrance.tscn
scenes/dungeon_entrances/cave_entrance.tscn	scenes/generation/entrances/cave_entrance.tscn
scenes/dungeon_entrances/cave_entrance_env.tscn	scenes/generation/entrances/cave_entrance_env.tscn
scenes/dungeon_entrances/door_entrance.tscn	scenes/generation/entrances/door_entrance.tscn
scenes/dungeons/dungeon_1.tscn	scenes/generation/dungeons/dungeon_1.tscn
scenes/dungeons/dungeon_2.tscn	scenes/generation/dungeons/dungeon_2.tscn
scenes/dungeons/dungeon_3.tscn	scenes/generation/dungeons/dungeon_3.tscn
scenes/dungeons/dungeon_4.tscn	scenes/generation/dungeons/dungeon_4.tscn
scenes/dungeons/dungeon_5_large.tscn	scenes/generation/dungeons/dungeon_5_large.tscn
scenes/dungeons/new_dungeon.tscn	scenes/generation/dungeons/new_dungeon.tscn
scenes/dungeons/new_dungeon2.tscn	scenes/generation/dungeons/new_dungeon2.tscn
scenes/dungeons/new_dungeon3.tscn	scenes/generation/dungeons/new_dungeon3.tscn
scenes/dungeons/rooms/corridor_ew.tscn	scenes/generation/dungeon_rooms/corridor_ew.tscn
scenes/dungeons/rooms/corridor_ns.tscn	scenes/generation/dungeon_rooms/corridor_ns.tscn
scenes/dungeons/rooms/cross.tscn	scenes/generation/dungeon_rooms/cross.tscn
scenes/dungeons/rooms/dead_end_e.tscn	scenes/generation/dungeon_rooms/dead_end_e.tscn
scenes/dungeons/rooms/dead_end_n.tscn	scenes/generation/dungeon_rooms/dead_end_n.tscn
scenes/dungeons/rooms/dead_end_s.tscn	scenes/generation/dungeon_rooms/dead_end_s.tscn
scenes/dungeons/rooms/dead_end_w.tscn	scenes/generation/dungeon_rooms/dead_end_w.tscn
scenes/dungeons/rooms/hallway_ew.tscn	scenes/generation/dungeon_rooms/hallway_ew.tscn
scenes/dungeons/rooms/hallway_ns.tscn	scenes/generation/dungeon_rooms/hallway_ns.tscn
scenes/dungeons/rooms/room_boss.tscn	scenes/generation/dungeon_rooms/room_boss.tscn
scenes/dungeons/rooms/room_large.tscn	scenes/generation/dungeon_rooms/room_large.tscn
scenes/dungeons/rooms/room_medium.tscn	scenes/generation/dungeon_rooms/room_medium.tscn
scenes/dungeons/rooms/room_small.tscn	scenes/generation/dungeon_rooms/room_small.tscn
scenes/dungeons/rooms/room_small_secret.tscn	scenes/generation/dungeon_rooms/room_small_secret.tscn
scenes/dungeons/rooms/room_start.tscn	scenes/generation/dungeon_rooms/room_start.tscn
scenes/dungeons/rooms/t_east.tscn	scenes/generation/dungeon_rooms/t_east.tscn
scenes/dungeons/rooms/t_north.tscn	scenes/generation/dungeon_rooms/t_north.tscn
scenes/dungeons/rooms/t_south.tscn	scenes/generation/dungeon_rooms/t_south.tscn
scenes/dungeons/rooms/t_west.tscn	scenes/generation/dungeon_rooms/t_west.tscn
scenes/dungeons/rooms/turn_ne.tscn	scenes/generation/dungeon_rooms/turn_ne.tscn
scenes/dungeons/rooms/turn_nw.tscn	scenes/generation/dungeon_rooms/turn_nw.tscn
scenes/dungeons/rooms/turn_se.tscn	scenes/generation/dungeon_rooms/turn_se.tscn
scenes/dungeons/rooms/turn_sw.tscn	scenes/generation/dungeon_rooms/turn_sw.tscn
scenes/dungeons/secret_room_dungeon_test.tscn	scenes/generation/dungeons/secret_room_dungeon_test.tscn
scenes/enemies/enemy_base.tscn	scenes/characters/enemy_base.tscn
scenes/generation/wilderness_room.tscn	scenes/generation/wilderness/wilderness_room.tscn
scenes/interactables/chest.tscn	scenes/world/chest.tscn
scenes/interactables/chest_locked.tscn	scenes/world/chest_locked.tscn
scenes/levels/town editor towns/aberdeen.json	data/towns/aberdeen.json
scenes/levels/town editor towns/combat_arena.json	data/towns/combat_arena.json
scenes/levels/town editor towns/elven_sanctuary.json	data/towns/elven_sanctuary.json
scenes/levels/town editor towns/larton.json	data/towns/larton.json
scenes/levels/town editor towns/millbrook.json	data/towns/millbrook.json
scenes/levels/town editor towns/pirate_cove.json	data/towns/pirate_cove.json
scenes/levels/town editor towns/small_village_logging.json	data/towns/small_village_logging.json
scenes/levels/town editor towns/thornfield.json	data/towns/thornfield.json
scenes/levels/town editor towns/thornfield.tscn	scenes/generation/towns/thornfield_editor.tscn
scenes/levels/willow_dale_UPDATED.glb	assets/world/buildings/willow_dale_updated.glb
scenes/levels/willow_dale_UPDATED.glb.import	assets/world/buildings/willow_dale_updated.glb.import
scenes/levels/world_environment.gdshader	assets/shaders/world_environment.gdshader
scenes/levels/world_environment.gdshader.uid	assets/shaders/world_environment.gdshader.uid
scenes/npcs/quest_giver_instance.tscn	scenes/characters/quest_giver_instance.tscn
scenes/npcs/tharin_ironbeard_instance.tscn	scenes/characters/tharin_ironbeard_instance.tscn
scenes/player/player.tscn	scenes/characters/player.tscn
scenes/puzzles/crystal_hearts_room.tscn	scenes/generation/puzzles/crystal_hearts_room.tscn
scenes/rooms/caves/cave_chamber.tscn	scenes/generation/caves/cave_chamber.tscn
scenes/rooms/caves/cave_corner_ne.tscn	scenes/generation/caves/cave_corner_ne.tscn
scenes/rooms/caves/cave_corner_nw.tscn	scenes/generation/caves/cave_corner_nw.tscn
scenes/rooms/caves/cave_corner_se.tscn	scenes/generation/caves/cave_corner_se.tscn
scenes/rooms/caves/cave_corner_sw.tscn	scenes/generation/caves/cave_corner_sw.tscn
scenes/rooms/caves/cave_corridor_ew.tscn	scenes/generation/caves/cave_corridor_ew.tscn
scenes/rooms/caves/cave_corridor_ns.tscn	scenes/generation/caves/cave_corridor_ns.tscn
scenes/rooms/caves/cave_crossroads.tscn	scenes/generation/caves/cave_crossroads.tscn
scenes/rooms/caves/cave_dead_end.tscn	scenes/generation/caves/cave_dead_end.tscn
scenes/rooms/caves/cave_entrance.tscn	scenes/generation/caves/cave_entrance.tscn
scenes/rooms/caves/cave_entrance_1exit.tscn	scenes/generation/caves/cave_entrance_1exit.tscn
scenes/rooms/caves/cave_exit.tscn	scenes/generation/caves/cave_exit.tscn
scenes/rooms/caves/cave_long_ns.tscn	scenes/generation/caves/cave_long_ns.tscn
scenes/rooms/caves/cave_ruins_hall.tscn	scenes/generation/caves/cave_ruins_hall.tscn
scenes/rooms/caves/cave_t_junction.tscn	scenes/generation/caves/cave_t_junction.tscn
scenes/rooms/caves/cave_temple_chamber.tscn	scenes/generation/caves/cave_temple_chamber.tscn
scenes/rooms/caves/cave_temple_corridor_ns.tscn	scenes/generation/caves/cave_temple_corridor_ns.tscn
scenes/rooms/caves/mine_chamber_medium.tscn	scenes/generation/caves/mine_chamber_medium.tscn
scenes/rooms/caves/mine_chamber_small.tscn	scenes/generation/caves/mine_chamber_small.tscn
scenes/rooms/caves/mine_corner_nw.tscn	scenes/generation/caves/mine_corner_nw.tscn
scenes/rooms/caves/mine_corner_se.tscn	scenes/generation/caves/mine_corner_se.tscn
scenes/rooms/caves/mine_corridor_ew_narrow.tscn	scenes/generation/caves/mine_corridor_ew_narrow.tscn
scenes/rooms/caves/mine_corridor_ns_long.tscn	scenes/generation/caves/mine_corridor_ns_long.tscn
scenes/rooms/caves/mine_corridor_ns_standard.tscn	scenes/generation/caves/mine_corridor_ns_standard.tscn
scenes/rooms/caves/mine_dead_end_medium.tscn	scenes/generation/caves/mine_dead_end_medium.tscn
scenes/rooms/caves/mine_dead_end_small.tscn	scenes/generation/caves/mine_dead_end_small.tscn
scenes/rooms/caves/mine_entrance.tscn	scenes/generation/caves/mine_entrance.tscn
scenes/rooms/caves/mine_hall_large.tscn	scenes/generation/caves/mine_hall_large.tscn
scenes/rooms/caves/mine_ramp_down.tscn	scenes/generation/caves/mine_ramp_down.tscn
scenes/rooms/caves/mine_ramp_long.tscn	scenes/generation/caves/mine_ramp_long.tscn
scenes/rooms/caves/mine_shaft_vertical.tscn	scenes/generation/caves/mine_shaft_vertical.tscn
scenes/rooms/kazan_dun/kd_armory.tscn	scenes/generation/kazan_dun/kd_armory.tscn
scenes/rooms/kazan_dun/kd_barricade.tscn	scenes/generation/kazan_dun/kd_barricade.tscn
scenes/rooms/kazan_dun/kd_bathhouse.tscn	scenes/generation/kazan_dun/kd_bathhouse.tscn
scenes/rooms/kazan_dun/kd_bridge_connector.tscn	scenes/generation/kazan_dun/kd_bridge_connector.tscn
scenes/rooms/kazan_dun/kd_bridge_gatehouse.tscn	scenes/generation/kazan_dun/kd_bridge_gatehouse.tscn
scenes/rooms/kazan_dun/kd_bridge_span.tscn	scenes/generation/kazan_dun/kd_bridge_span.tscn
scenes/rooms/kazan_dun/kd_command_center.tscn	scenes/generation/kazan_dun/kd_command_center.tscn
scenes/rooms/kazan_dun/kd_common_quarters.tscn	scenes/generation/kazan_dun/kd_common_quarters.tscn
scenes/rooms/kazan_dun/kd_corridor_corner.tscn	scenes/generation/kazan_dun/kd_corridor_corner.tscn
scenes/rooms/kazan_dun/kd_corridor_straight.tscn	scenes/generation/kazan_dun/kd_corridor_straight.tscn
scenes/rooms/kazan_dun/kd_council_chamber.tscn	scenes/generation/kazan_dun/kd_council_chamber.tscn
scenes/rooms/kazan_dun/kd_feast_hall.tscn	scenes/generation/kazan_dun/kd_feast_hall.tscn
scenes/rooms/kazan_dun/kd_forge_main.tscn	scenes/generation/kazan_dun/kd_forge_main.tscn
scenes/rooms/kazan_dun/kd_goblin_camp.tscn	scenes/generation/kazan_dun/kd_goblin_camp.tscn
scenes/rooms/kazan_dun/kd_great_hall_corridor.tscn	scenes/generation/kazan_dun/kd_great_hall_corridor.tscn
scenes/rooms/kazan_dun/kd_kitchen.tscn	scenes/generation/kazan_dun/kd_kitchen.tscn
scenes/rooms/kazan_dun/kd_mine_shaft.tscn	scenes/generation/kazan_dun/kd_mine_shaft.tscn
scenes/rooms/kazan_dun/kd_noble_quarters.tscn	scenes/generation/kazan_dun/kd_noble_quarters.tscn
scenes/rooms/kazan_dun/kd_ritual_chamber.tscn	scenes/generation/kazan_dun/kd_ritual_chamber.tscn
scenes/rooms/kazan_dun/kd_rune_ward_hall.tscn	scenes/generation/kazan_dun/kd_rune_ward_hall.tscn
scenes/rooms/kazan_dun/kd_stairwell_down.tscn	scenes/generation/kazan_dun/kd_stairwell_down.tscn
scenes/rooms/kazan_dun/kd_storage_cellar.tscn	scenes/generation/kazan_dun/kd_storage_cellar.tscn
scenes/rooms/kazan_dun/kd_throne_room.tscn	scenes/generation/kazan_dun/kd_throne_room.tscn
scenes/rooms/kazan_dun/kd_treasury.tscn	scenes/generation/kazan_dun/kd_treasury.tscn
scenes/structures/observation_tower.tscn	scenes/world/observation_tower.tscn
scenes/summons/flaming_skull_summon.tscn	scenes/characters/flaming_skull_summon.tscn
scenes/travel/boat_voyage.tscn	scenes/world/boat_voyage.tscn
scenes/vfx/fireball_explosion.tscn	scenes/effects/fireball_explosion.tscn
scenes/wilderness/tile_forest_01.tscn	scenes/generation/wilderness/tile_forest_01.tscn
scenes/wilderness/tile_forest_02.tscn	scenes/generation/wilderness/tile_forest_02.tscn
scenes/wilderness/tile_plains_01.tscn	scenes/generation/wilderness/tile_plains_01.tscn
scenes/wilderness/tile_plains_02.tscn	scenes/generation/wilderness/tile_plains_02.tscn
scenes/wilderness/tile_swamp_01.tscn	scenes/generation/wilderness/tile_swamp_01.tscn
scripts/audio/ambient_soundscape.gd	scripts/world/ambient_soundscape.gd
scripts/audio/ambient_soundscape.gd.uid	scripts/world/ambient_soundscape.gd.uid
scripts/autoload/actor_registry.gd	scripts/core/actor_registry.gd
scripts/autoload/actor_registry.gd.uid	scripts/core/actor_registry.gd.uid
scripts/autoload/audio_manager.gd	scripts/core/audio_manager.gd
scripts/autoload/audio_manager.gd.uid	scripts/core/audio_manager.gd.uid
scripts/autoload/boat_travel_manager.gd	scripts/systems/travel/boat_travel_manager.gd
scripts/autoload/boat_travel_manager.gd.uid	scripts/systems/travel/boat_travel_manager.gd.uid
scripts/autoload/bounty_manager.gd	scripts/systems/crime/bounty_manager.gd
scripts/autoload/bounty_manager.gd.uid	scripts/systems/crime/bounty_manager.gd.uid
scripts/autoload/cave_manager.gd	scripts/world/streaming/cave_manager.gd
scripts/autoload/cave_manager.gd.uid	scripts/world/streaming/cave_manager.gd.uid
scripts/autoload/cell_streamer.gd	scripts/world/streaming/cell_streamer.gd
scripts/autoload/cell_streamer.gd.uid	scripts/world/streaming/cell_streamer.gd.uid
scripts/autoload/codex_manager.gd	scripts/systems/quests/codex_manager.gd
scripts/autoload/codex_manager.gd.uid	scripts/systems/quests/codex_manager.gd.uid
scripts/autoload/combat_manager.gd	scripts/systems/combat/combat_manager.gd
scripts/autoload/combat_manager.gd.uid	scripts/systems/combat/combat_manager.gd.uid
scripts/autoload/companion_manager.gd	scripts/characters/ai/companion_manager.gd
scripts/autoload/companion_manager.gd.uid	scripts/characters/ai/companion_manager.gd.uid
scripts/autoload/conversation_system.gd	scripts/systems/dialogue/conversation_system.gd
scripts/autoload/conversation_system.gd.uid	scripts/systems/dialogue/conversation_system.gd.uid
scripts/autoload/crafting_manager.gd	scripts/systems/economy/crafting_manager.gd
scripts/autoload/crafting_manager.gd.uid	scripts/systems/economy/crafting_manager.gd.uid
scripts/autoload/crime_manager.gd	scripts/systems/crime/crime_manager.gd
scripts/autoload/crime_manager.gd.uid	scripts/systems/crime/crime_manager.gd.uid
scripts/autoload/dialogue_manager.gd	scripts/systems/dialogue/dialogue_manager.gd
scripts/autoload/dialogue_manager.gd.uid	scripts/systems/dialogue/dialogue_manager.gd.uid
scripts/autoload/dice_manager.gd	scripts/core/dice_manager.gd
scripts/autoload/dice_manager.gd.uid	scripts/core/dice_manager.gd.uid
scripts/autoload/duel_manager.gd	scripts/systems/events/duel_manager.gd
scripts/autoload/duel_manager.gd.uid	scripts/systems/events/duel_manager.gd.uid
scripts/autoload/enchantment_manager.gd	scripts/systems/economy/enchantment_manager.gd
scripts/autoload/enchantment_manager.gd.uid	scripts/systems/economy/enchantment_manager.gd.uid
scripts/autoload/encounter_manager.gd	scripts/systems/events/encounter_manager.gd
scripts/autoload/encounter_manager.gd.uid	scripts/systems/events/encounter_manager.gd.uid
scripts/autoload/escort_manager.gd	scripts/characters/ai/escort_manager.gd
scripts/autoload/escort_manager.gd.uid	scripts/characters/ai/escort_manager.gd.uid
scripts/autoload/faction_manager.gd	scripts/systems/factions/faction_manager.gd
scripts/autoload/faction_manager.gd.uid	scripts/systems/factions/faction_manager.gd.uid
scripts/autoload/fast_travel_manager.gd	scripts/systems/travel/fast_travel_manager.gd
scripts/autoload/fast_travel_manager.gd.uid	scripts/systems/travel/fast_travel_manager.gd.uid
scripts/autoload/flag_manager.gd	scripts/core/flag_manager.gd
scripts/autoload/flag_manager.gd.uid	scripts/core/flag_manager.gd.uid
scripts/autoload/follower_manager.gd	scripts/characters/ai/follower_manager.gd
scripts/autoload/follower_manager.gd.uid	scripts/characters/ai/follower_manager.gd.uid
scripts/autoload/game_manager.gd	scripts/core/game_manager.gd
scripts/autoload/game_manager.gd.uid	scripts/core/game_manager.gd.uid
scripts/autoload/game_systems.gd	scripts/core/game_systems.gd
scripts/autoload/game_systems.gd.uid	scripts/core/game_systems.gd.uid
scripts/autoload/guild_rank_manager.gd	scripts/systems/factions/guild_rank_manager.gd
scripts/autoload/guild_rank_manager.gd.uid	scripts/systems/factions/guild_rank_manager.gd.uid
scripts/autoload/inventory_manager.gd	scripts/systems/economy/inventory_manager.gd
scripts/autoload/inventory_manager.gd.uid	scripts/systems/economy/inventory_manager.gd.uid
scripts/autoload/journal_manager.gd	scripts/systems/quests/journal_manager.gd
scripts/autoload/journal_manager.gd.uid	scripts/systems/quests/journal_manager.gd.uid
scripts/autoload/morality_manager.gd	scripts/systems/factions/morality_manager.gd
scripts/autoload/morality_manager.gd.uid	scripts/systems/factions/morality_manager.gd.uid
scripts/autoload/npc_scheduler.gd	scripts/characters/ai/npc_scheduler.gd
scripts/autoload/npc_scheduler.gd.uid	scripts/characters/ai/npc_scheduler.gd.uid
scripts/autoload/player_gps.gd	scripts/world/streaming/player_gps.gd
scripts/autoload/player_gps.gd.uid	scripts/world/streaming/player_gps.gd.uid
scripts/autoload/post_process.gd	scripts/core/post_process.gd
scripts/autoload/post_process.gd.uid	scripts/core/post_process.gd.uid
scripts/autoload/quest_manager.gd	scripts/systems/quests/quest_manager.gd
scripts/autoload/quest_manager.gd.uid	scripts/systems/quests/quest_manager.gd.uid
scripts/autoload/rest_manager.gd	scripts/systems/events/rest_manager.gd
scripts/autoload/rest_manager.gd.uid	scripts/systems/events/rest_manager.gd.uid
scripts/autoload/save_manager.gd	scripts/core/save_manager.gd
scripts/autoload/save_manager.gd.uid	scripts/core/save_manager.gd.uid
scripts/autoload/scene_manager.gd	scripts/core/scene_manager.gd
scripts/autoload/scene_manager.gd.uid	scripts/core/scene_manager.gd.uid
scripts/autoload/soulstone_economy.gd	scripts/systems/economy/soulstone_economy.gd
scripts/autoload/soulstone_economy.gd.uid	scripts/systems/economy/soulstone_economy.gd.uid
scripts/autoload/spell_creator.gd	scripts/systems/economy/spell_creator.gd
scripts/autoload/spell_creator.gd.uid	scripts/systems/economy/spell_creator.gd.uid
scripts/autoload/stats_tracker.gd	scripts/core/stats_tracker.gd
scripts/autoload/stats_tracker.gd.uid	scripts/core/stats_tracker.gd.uid
scripts/autoload/takeover_manager.gd	scripts/systems/factions/takeover_manager.gd
scripts/autoload/takeover_manager.gd.uid	scripts/systems/factions/takeover_manager.gd.uid
scripts/autoload/tournament_manager.gd	scripts/systems/events/tournament_manager.gd
scripts/autoload/tournament_manager.gd.uid	scripts/systems/events/tournament_manager.gd.uid
scripts/autoload/ui_manager.gd	scripts/core/ui_manager.gd
scripts/autoload/ui_manager.gd.uid	scripts/core/ui_manager.gd.uid
scripts/autoload/weather_manager.gd	scripts/world/weather_manager.gd
scripts/autoload/weather_manager.gd.uid	scripts/world/weather_manager.gd.uid
scripts/autoload/world_forge_importer.gd	scripts/world/streaming/world_forge_importer.gd
scripts/autoload/world_forge_importer.gd.uid	scripts/world/streaming/world_forge_importer.gd.uid
scripts/autoload/world_state.gd	scripts/core/world_state.gd
scripts/autoload/world_state.gd.uid	scripts/core/world_state.gd.uid
scripts/combat/hazard_zone.gd	scripts/systems/combat/hazard_zone.gd
scripts/combat/hazard_zone.gd.uid	scripts/systems/combat/hazard_zone.gd.uid
scripts/combat/hitbox.gd	scripts/systems/combat/hitbox.gd
scripts/combat/hitbox.gd.uid	scripts/systems/combat/hitbox.gd.uid
scripts/combat/hurtbox.gd	scripts/systems/combat/hurtbox.gd
scripts/combat/hurtbox.gd.uid	scripts/systems/combat/hurtbox.gd.uid
scripts/combat/projectile_base.gd	scripts/systems/combat/projectile_base.gd
scripts/combat/projectile_base.gd.uid	scripts/systems/combat/projectile_base.gd.uid
scripts/combat/projectile_pool.gd	scripts/systems/combat/projectile_pool.gd
scripts/combat/projectile_pool.gd.uid	scripts/systems/combat/projectile_pool.gd.uid
scripts/combat/spell_caster.gd	scripts/systems/combat/spell_caster.gd
scripts/combat/spell_caster.gd.uid	scripts/systems/combat/spell_caster.gd.uid
scripts/combat/spell_projectile.gd	scripts/systems/combat/spell_projectile.gd
scripts/combat/spell_projectile.gd.uid	scripts/systems/combat/spell_projectile.gd.uid
scripts/combat/wave_spawner.gd	scripts/systems/combat/wave_spawner.gd
scripts/combat/wave_spawner.gd.uid	scripts/systems/combat/wave_spawner.gd.uid
scripts/components/billboard_sprite.gd	scripts/characters/visuals/billboard_sprite.gd
scripts/components/billboard_sprite.gd.uid	scripts/characters/visuals/billboard_sprite.gd.uid
scripts/components/wander_behavior.gd	scripts/characters/ai/wander_behavior.gd
scripts/components/wander_behavior.gd.uid	scripts/characters/ai/wander_behavior.gd.uid
scripts/data/loot_tables.gd	scripts/core/loot_tables.gd
scripts/data/loot_tables.gd.uid	scripts/core/loot_tables.gd.uid
scripts/data/world_grid.gd	scripts/core/world_grid.gd
scripts/data/world_grid.gd.uid	scripts/core/world_grid.gd.uid
scripts/dev/boat_travel_test.gd	dev/harnesses/boat_travel_test.gd
scripts/dev/boat_travel_test.gd.uid	dev/harnesses/boat_travel_test.gd.uid
scripts/dev/cave_door_test.gd	dev/harnesses/cave_door_test.gd
scripts/dev/cave_door_test.gd.uid	dev/harnesses/cave_door_test.gd.uid
scripts/dev/cave_instance_test.gd	dev/harnesses/cave_instance_test.gd
scripts/dev/cave_instance_test.gd.uid	dev/harnesses/cave_instance_test.gd.uid
scripts/dev/cave_interior_test.gd	dev/harnesses/cave_interior_test.gd
scripts/dev/cave_interior_test.gd.uid	dev/harnesses/cave_interior_test.gd.uid
scripts/dev/cave_test.gd	dev/harnesses/cave_test.gd
scripts/dev/cave_test.gd.uid	dev/harnesses/cave_test.gd.uid
scripts/dev/combat_arena_test.gd	dev/harnesses/combat_arena_test.gd
scripts/dev/combat_arena_test.gd.uid	dev/harnesses/combat_arena_test.gd.uid
scripts/dev/custom_cave_test.gd	dev/harnesses/custom_cave_test.gd
scripts/dev/custom_cave_test.gd.uid	dev/harnesses/custom_cave_test.gd.uid
scripts/dev/duel_test.gd	dev/harnesses/duel_test.gd
scripts/dev/duel_test.gd.uid	dev/harnesses/duel_test.gd.uid
scripts/dev/dungeon_entrance_test.gd	dev/harnesses/dungeon_entrance_test.gd
scripts/dev/dungeon_entrance_test.gd.uid	dev/harnesses/dungeon_entrance_test.gd.uid
scripts/dev/free_cam_preview.gd	dev/harnesses/free_cam_preview.gd
scripts/dev/free_cam_preview.gd.uid	dev/harnesses/free_cam_preview.gd.uid
scripts/dev/hidden_chest_test.gd	dev/harnesses/hidden_chest_test.gd
scripts/dev/hidden_chest_test.gd.uid	dev/harnesses/hidden_chest_test.gd.uid
scripts/dev/secret_wall_test.gd	dev/harnesses/secret_wall_test.gd
scripts/dev/secret_wall_test.gd.uid	dev/harnesses/secret_wall_test.gd.uid
scripts/dev/town_switcher.gd	dev/harnesses/town_switcher.gd
scripts/dev/town_switcher.gd.uid	dev/harnesses/town_switcher.gd.uid
scripts/dialogue/conversation_context.gd	scripts/systems/dialogue/conversation_context.gd
scripts/dialogue/conversation_context.gd.uid	scripts/systems/dialogue/conversation_context.gd.uid
scripts/dialogue/conversation_response.gd	scripts/systems/dialogue/conversation_response.gd
scripts/dialogue/conversation_response.gd.uid	scripts/systems/dialogue/conversation_response.gd.uid
scripts/dialogue/conversation_response_pool.gd	scripts/systems/dialogue/conversation_response_pool.gd
scripts/dialogue/conversation_response_pool.gd.uid	scripts/systems/dialogue/conversation_response_pool.gd.uid
scripts/dialogue/conversation_topic.gd	scripts/systems/dialogue/conversation_topic.gd
scripts/dialogue/conversation_topic.gd.uid	scripts/systems/dialogue/conversation_topic.gd.uid
scripts/dialogue/dialogue_action.gd	scripts/systems/dialogue/dialogue_action.gd
scripts/dialogue/dialogue_action.gd.uid	scripts/systems/dialogue/dialogue_action.gd.uid
scripts/dialogue/dialogue_choice.gd	scripts/systems/dialogue/dialogue_choice.gd
scripts/dialogue/dialogue_choice.gd.uid	scripts/systems/dialogue/dialogue_choice.gd.uid
scripts/dialogue/dialogue_condition.gd	scripts/systems/dialogue/dialogue_condition.gd
scripts/dialogue/dialogue_condition.gd.uid	scripts/systems/dialogue/dialogue_condition.gd.uid
scripts/dialogue/dialogue_data.gd	scripts/systems/dialogue/dialogue_data.gd
scripts/dialogue/dialogue_data.gd.uid	scripts/systems/dialogue/dialogue_data.gd.uid
scripts/dialogue/dialogue_loader.gd	scripts/systems/dialogue/dialogue_loader.gd
scripts/dialogue/dialogue_loader.gd.uid	scripts/systems/dialogue/dialogue_loader.gd.uid
scripts/dialogue/dialogue_node.gd	scripts/systems/dialogue/dialogue_node.gd
scripts/dialogue/dialogue_node.gd.uid	scripts/systems/dialogue/dialogue_node.gd.uid
scripts/dialogue/intro_dialogue_builder.gd	scripts/systems/dialogue/intro_dialogue_builder.gd
scripts/dialogue/intro_dialogue_builder.gd.uid	scripts/systems/dialogue/intro_dialogue_builder.gd.uid
scripts/dialogue/npc_knowledge_profile.gd	scripts/systems/dialogue/npc_knowledge_profile.gd
scripts/dialogue/npc_knowledge_profile.gd.uid	scripts/systems/dialogue/npc_knowledge_profile.gd.uid
scripts/dungeons/cave_generator.gd	scripts/generation/dungeons/cave_generator.gd
scripts/dungeons/cave_generator.gd.uid	scripts/generation/dungeons/cave_generator.gd.uid
scripts/dungeons/cave_spawner.gd	scripts/generation/dungeons/cave_spawner.gd
scripts/dungeons/cave_spawner.gd.uid	scripts/generation/dungeons/cave_spawner.gd.uid
scripts/dungeons/dungeon_builder.gd	scripts/generation/dungeons/dungeon_builder.gd
scripts/dungeons/dungeon_builder.gd.uid	scripts/generation/dungeons/dungeon_builder.gd.uid
scripts/dungeons/dungeon_loot_config.gd	scripts/generation/dungeons/dungeon_loot_config.gd
scripts/dungeons/dungeon_loot_config.gd.uid	scripts/generation/dungeons/dungeon_loot_config.gd.uid
scripts/dungeons/dungeon_spawner.gd	scripts/generation/dungeons/dungeon_spawner.gd
scripts/dungeons/dungeon_spawner.gd.uid	scripts/generation/dungeons/dungeon_spawner.gd.uid
scripts/dungeons/grid/dungeon_grid_data.gd	scripts/generation/dungeons/grid/dungeon_grid_data.gd
scripts/dungeons/grid/dungeon_grid_data.gd.uid	scripts/generation/dungeons/grid/dungeon_grid_data.gd.uid
scripts/dungeons/grid/dungeon_validator.gd	scripts/generation/dungeons/grid/dungeon_validator.gd
scripts/dungeons/grid/dungeon_validator.gd.uid	scripts/generation/dungeons/grid/dungeon_validator.gd.uid
scripts/dungeons/hand_crafted_dungeon.gd	scripts/generation/dungeons/hand_crafted_dungeon.gd
scripts/dungeons/hand_crafted_dungeon.gd.uid	scripts/generation/dungeons/hand_crafted_dungeon.gd.uid
scripts/dungeons/new_dungeon_floor_1.gd	scripts/generation/dungeons/new_dungeon_floor_1.gd
scripts/dungeons/new_dungeon_floor_1.gd.uid	scripts/generation/dungeons/new_dungeon_floor_1.gd.uid
scripts/dungeons/new_dungeon_floor_2.gd	scripts/generation/dungeons/new_dungeon_floor_2.gd
scripts/dungeons/new_dungeon_floor_2.gd.uid	scripts/generation/dungeons/new_dungeon_floor_2.gd.uid
scripts/dungeons/room_small_secret.gd	scripts/generation/dungeons/room_small_secret.gd
scripts/dungeons/room_small_secret.gd.uid	scripts/generation/dungeons/room_small_secret.gd.uid
scripts/dungeons/tools/create_room_templates.gd	dev/tools/create_room_templates.gd
scripts/dungeons/tools/create_room_templates.gd.uid	dev/tools/create_room_templates.gd.uid
scripts/encounters/assassin_encounter.gd	scripts/systems/events/assassin_encounter.gd
scripts/encounters/assassin_encounter.gd.uid	scripts/systems/events/assassin_encounter.gd.uid
scripts/enemies/enemy_base.gd	scripts/characters/enemies/enemy_base.gd
scripts/enemies/enemy_base.gd.uid	scripts/characters/enemies/enemy_base.gd.uid
scripts/enemies/enemy_spawner.gd	scripts/characters/enemies/enemy_spawner.gd
scripts/enemies/enemy_spawner.gd.uid	scripts/characters/enemies/enemy_spawner.gd.uid
scripts/generation/procedural_town_generator.gd	scripts/generation/towns/procedural_town_generator.gd
scripts/generation/procedural_town_generator.gd.uid	scripts/generation/towns/procedural_town_generator.gd.uid
scripts/generation/town_generator.gd	scripts/generation/towns/town_generator.gd
scripts/generation/town_generator.gd.uid	scripts/generation/towns/town_generator.gd.uid
scripts/generation/wilderness_room.gd	scripts/generation/wilderness/wilderness_room.gd
scripts/generation/wilderness_room.gd.uid	scripts/generation/wilderness/wilderness_room.gd.uid
scripts/generation/wilderness_tile.gd	scripts/generation/wilderness/wilderness_tile.gd
scripts/generation/wilderness_tile.gd.uid	scripts/generation/wilderness/wilderness_tile.gd.uid
scripts/levels/town_spawner.gd	scripts/generation/towns/town_spawner.gd
scripts/levels/town_spawner.gd.uid	scripts/generation/towns/town_spawner.gd.uid
scripts/lighting/flickering_light.gd	scripts/world/props/flickering_light.gd
scripts/lighting/flickering_light.gd.uid	scripts/world/props/flickering_light.gd.uid
scripts/npcs/apprentice_marcus_npc.gd	scripts/characters/npcs/apprentice_marcus_npc.gd
scripts/npcs/apprentice_marcus_npc.gd.uid	scripts/characters/npcs/apprentice_marcus_npc.gd.uid
scripts/npcs/arena_master.gd	scripts/characters/npcs/arena_master.gd
scripts/npcs/arena_master.gd.uid	scripts/characters/npcs/arena_master.gd.uid
scripts/npcs/companion_npc.gd	scripts/characters/npcs/companion_npc.gd
scripts/npcs/companion_npc.gd.uid	scripts/characters/npcs/companion_npc.gd.uid
scripts/npcs/conan_easter_egg.gd	scripts/characters/npcs/conan_easter_egg.gd
scripts/npcs/conan_easter_egg.gd.uid	scripts/characters/npcs/conan_easter_egg.gd.uid
scripts/npcs/escort_npc.gd	scripts/characters/npcs/escort_npc.gd
scripts/npcs/escort_npc.gd.uid	scripts/characters/npcs/escort_npc.gd.uid
scripts/npcs/follower_npc.gd	scripts/characters/npcs/follower_npc.gd
scripts/npcs/follower_npc.gd.uid	scripts/characters/npcs/follower_npc.gd.uid
scripts/npcs/gladiator_npc.gd	scripts/characters/npcs/gladiator_npc.gd
scripts/npcs/gladiator_npc.gd.uid	scripts/characters/npcs/gladiator_npc.gd.uid
scripts/npcs/guard_npc.gd	scripts/characters/npcs/guard_npc.gd
scripts/npcs/guard_npc.gd.uid	scripts/characters/npcs/guard_npc.gd.uid
scripts/npcs/hostage_npc.gd	scripts/characters/npcs/hostage_npc.gd
scripts/npcs/hostage_npc.gd.uid	scripts/characters/npcs/hostage_npc.gd.uid
scripts/npcs/innkeeper.gd	scripts/characters/npcs/innkeeper.gd
scripts/npcs/innkeeper.gd.uid	scripts/characters/npcs/innkeeper.gd.uid
scripts/npcs/quest_giver.gd	scripts/characters/npcs/quest_giver.gd
scripts/npcs/quest_giver.gd.uid	scripts/characters/npcs/quest_giver.gd.uid
scripts/npcs/spock_easter_egg.gd	scripts/characters/npcs/spock_easter_egg.gd
scripts/npcs/spock_easter_egg.gd.uid	scripts/characters/npcs/spock_easter_egg.gd.uid
scripts/npcs/tharin_ironbeard.gd	scripts/characters/npcs/tharin_ironbeard.gd
scripts/npcs/tharin_ironbeard.gd.uid	scripts/characters/npcs/tharin_ironbeard.gd.uid
scripts/npcs/thief_npc.gd	scripts/characters/npcs/thief_npc.gd
scripts/npcs/thief_npc.gd.uid	scripts/characters/npcs/thief_npc.gd.uid
scripts/npcs/townsfolk.gd	scripts/characters/npcs/townsfolk.gd
scripts/npcs/townsfolk.gd.uid	scripts/characters/npcs/townsfolk.gd.uid
scripts/npcs/village_elder.gd	scripts/characters/npcs/village_elder.gd
scripts/npcs/village_elder.gd.uid	scripts/characters/npcs/village_elder.gd.uid
scripts/player/camera_pivot.gd	scripts/characters/player/camera_pivot.gd
scripts/player/camera_pivot.gd.uid	scripts/characters/player/camera_pivot.gd.uid
scripts/player/first_person_arms.gd	scripts/characters/player/first_person_arms.gd
scripts/player/first_person_arms.gd.uid	scripts/characters/player/first_person_arms.gd.uid
scripts/player/player_controller.gd	scripts/characters/player/player_controller.gd
scripts/player/player_controller.gd.uid	scripts/characters/player/player_controller.gd.uid
scripts/player/third_person_weapon.gd	scripts/characters/player/third_person_weapon.gd
scripts/player/third_person_weapon.gd.uid	scripts/characters/player/third_person_weapon.gd.uid
scripts/player/torch_light.gd	scripts/characters/player/torch_light.gd
scripts/player/torch_light.gd.uid	scripts/characters/player/torch_light.gd.uid
scripts/props/torch_prop.gd	scripts/world/props/torch_prop.gd
scripts/props/torch_prop.gd.uid	scripts/world/props/torch_prop.gd.uid
scripts/puzzles/crystal_hearts_controller.gd	scripts/systems/puzzles/crystal_hearts_controller.gd
scripts/puzzles/crystal_hearts_controller.gd.uid	scripts/systems/puzzles/crystal_hearts_controller.gd.uid
scripts/puzzles/crystal_portal.gd	scripts/systems/puzzles/crystal_portal.gd
scripts/puzzles/crystal_portal.gd.uid	scripts/systems/puzzles/crystal_portal.gd.uid
scripts/puzzles/puzzle_crystal.gd	scripts/systems/puzzles/puzzle_crystal.gd
scripts/puzzles/puzzle_crystal.gd.uid	scripts/systems/puzzles/puzzle_crystal.gd.uid
scripts/puzzles/puzzle_element.gd	scripts/systems/puzzles/puzzle_element.gd
scripts/puzzles/puzzle_element.gd.uid	scripts/systems/puzzles/puzzle_element.gd.uid
scripts/puzzles/puzzle_lever.gd	scripts/systems/puzzles/puzzle_lever.gd
scripts/puzzles/puzzle_lever.gd.uid	scripts/systems/puzzles/puzzle_lever.gd.uid
scripts/puzzles/puzzle_pillar.gd	scripts/systems/puzzles/puzzle_pillar.gd
scripts/puzzles/puzzle_pillar.gd.uid	scripts/systems/puzzles/puzzle_pillar.gd.uid
scripts/puzzles/puzzle_portal.gd	scripts/systems/puzzles/puzzle_portal.gd
scripts/puzzles/puzzle_portal.gd.uid	scripts/systems/puzzles/puzzle_portal.gd.uid
scripts/puzzles/puzzle_pressure_plate.gd	scripts/systems/puzzles/puzzle_pressure_plate.gd
scripts/puzzles/puzzle_pressure_plate.gd.uid	scripts/systems/puzzles/puzzle_pressure_plate.gd.uid
scripts/puzzles/puzzle_room_controller.gd	scripts/systems/puzzles/puzzle_room_controller.gd
scripts/puzzles/puzzle_room_controller.gd.uid	scripts/systems/puzzles/puzzle_room_controller.gd.uid
scripts/rooms/modular_room.gd	scripts/generation/rooms/modular_room.gd
scripts/rooms/modular_room.gd.uid	scripts/generation/rooms/modular_room.gd.uid
scripts/summons/summoned_creature.gd	scripts/characters/enemies/summoned_creature.gd
scripts/summons/summoned_creature.gd.uid	scripts/characters/enemies/summoned_creature.gd.uid
scripts/systems/disposition_calculator.gd	scripts/systems/factions/disposition_calculator.gd
scripts/systems/disposition_calculator.gd.uid	scripts/systems/factions/disposition_calculator.gd.uid
scripts/systems/log.gd	scripts/core/log.gd
scripts/systems/log.gd.uid	scripts/core/log.gd.uid
scripts/terrain/biome_palette.gd	scripts/world/terrain/biome_palette.gd
scripts/terrain/biome_palette.gd.uid	scripts/world/terrain/biome_palette.gd.uid
scripts/terrain/enhanced_terrain.gd	scripts/world/terrain/enhanced_terrain.gd
scripts/terrain/enhanced_terrain.gd.uid	scripts/world/terrain/enhanced_terrain.gd.uid
scripts/terrain/terrain_config.gd	scripts/world/terrain/terrain_config.gd
scripts/terrain/terrain_config.gd.uid	scripts/world/terrain/terrain_config.gd.uid
scripts/terrain/terrain_generator.gd	scripts/world/terrain/terrain_generator.gd
scripts/terrain/terrain_generator.gd.uid	scripts/world/terrain/terrain_generator.gd.uid
scripts/terrain/terrain_zoning.gd	scripts/world/terrain/terrain_zoning.gd
scripts/terrain/terrain_zoning.gd.uid	scripts/world/terrain/terrain_zoning.gd.uid
scripts/tools/glb_collision_processor.gd	dev/tools/glb_collision_processor.gd
scripts/tools/glb_collision_processor.gd.uid	dev/tools/glb_collision_processor.gd.uid
scripts/travel/boat_crew_member.gd	scripts/systems/travel/boat_crew_member.gd
scripts/travel/boat_crew_member.gd.uid	scripts/systems/travel/boat_crew_member.gd.uid
scripts/travel/boat_travel_data.gd	scripts/systems/travel/boat_travel_data.gd
scripts/travel/boat_travel_data.gd.uid	scripts/systems/travel/boat_travel_data.gd.uid
scripts/travel/boat_voyage.gd	scripts/systems/travel/boat_voyage.gd
scripts/travel/boat_voyage.gd.uid	scripts/systems/travel/boat_voyage.gd.uid
scripts/travel/sea_encounter.gd	scripts/systems/travel/sea_encounter.gd
scripts/travel/sea_encounter.gd.uid	scripts/systems/travel/sea_encounter.gd.uid
scripts/vfx/buff_vfx_manager.gd	scripts/systems/combat/buff_vfx_manager.gd
scripts/vfx/buff_vfx_manager.gd.uid	scripts/systems/combat/buff_vfx_manager.gd.uid
scripts/visuals/billboard_visual.gd	scripts/characters/visuals/billboard_visual.gd
scripts/visuals/billboard_visual.gd.uid	scripts/characters/visuals/billboard_visual.gd.uid
scripts/visuals/character_model_registry.gd	scripts/characters/visuals/character_model_registry.gd
scripts/visuals/character_model_registry.gd.uid	scripts/characters/visuals/character_model_registry.gd.uid
scripts/visuals/character_visual.gd	scripts/characters/visuals/character_visual.gd
scripts/visuals/character_visual.gd.uid	scripts/characters/visuals/character_visual.gd.uid
scripts/visuals/citizen_dresser.gd	scripts/characters/visuals/citizen_dresser.gd
scripts/visuals/citizen_dresser.gd.uid	scripts/characters/visuals/citizen_dresser.gd.uid
scripts/visuals/citizen_rig_driver.gd	scripts/characters/visuals/citizen_rig_driver.gd
scripts/visuals/citizen_rig_driver.gd.uid	scripts/characters/visuals/citizen_rig_driver.gd.uid
scripts/visuals/rigged_visual.gd	scripts/characters/visuals/rigged_visual.gd
scripts/visuals/rigged_visual.gd.uid	scripts/characters/visuals/rigged_visual.gd.uid
scripts/world/alchemy_station.gd	scripts/world/interactables/alchemy_station.gd
scripts/world/alchemy_station.gd.uid	scripts/world/interactables/alchemy_station.gd.uid
scripts/world/ambush_trigger.gd	scripts/world/interactables/ambush_trigger.gd
scripts/world/ambush_trigger.gd.uid	scripts/world/interactables/ambush_trigger.gd.uid
scripts/world/boat_wave_defense.gd	scripts/world/interactables/boat_wave_defense.gd
scripts/world/boat_wave_defense.gd.uid	scripts/world/interactables/boat_wave_defense.gd.uid
scripts/world/bounty_board.gd	scripts/world/interactables/bounty_board.gd
scripts/world/bounty_board.gd.uid	scripts/world/interactables/bounty_board.gd.uid
scripts/world/cave_entrance_portal.gd	scripts/world/interactables/cave_entrance_portal.gd
scripts/world/cave_entrance_portal.gd.uid	scripts/world/interactables/cave_entrance_portal.gd.uid
scripts/world/cave_navigation_marker.gd	scripts/world/interactables/cave_navigation_marker.gd
scripts/world/cave_navigation_marker.gd.uid	scripts/world/interactables/cave_navigation_marker.gd.uid
scripts/world/cell_edge.gd	scripts/world/streaming/cell_edge.gd
scripts/world/cell_edge.gd.uid	scripts/world/streaming/cell_edge.gd.uid
scripts/world/chest.gd	scripts/world/interactables/chest.gd
scripts/world/chest.gd.uid	scripts/world/interactables/chest.gd.uid
scripts/world/civilian_npc.gd	scripts/characters/npcs/civilian_npc.gd
scripts/world/civilian_npc.gd.uid	scripts/characters/npcs/civilian_npc.gd.uid
scripts/world/cooking_station.gd	scripts/world/interactables/cooking_station.gd
scripts/world/cooking_station.gd.uid	scripts/world/interactables/cooking_station.gd.uid
scripts/world/cursed_totem.gd	scripts/world/interactables/cursed_totem.gd
scripts/world/cursed_totem.gd.uid	scripts/world/interactables/cursed_totem.gd.uid
scripts/world/damage_zone.gd	scripts/world/interactables/damage_zone.gd
scripts/world/damage_zone.gd.uid	scripts/world/interactables/damage_zone.gd.uid
scripts/world/enchanting_station.gd	scripts/world/interactables/enchanting_station.gd
scripts/world/enchanting_station.gd.uid	scripts/world/interactables/enchanting_station.gd.uid
scripts/world/fast_travel_shrine.gd	scripts/world/interactables/fast_travel_shrine.gd
scripts/world/fast_travel_shrine.gd.uid	scripts/world/interactables/fast_travel_shrine.gd.uid
scripts/world/harvestable_fallen_tree.gd	scripts/world/interactables/harvestable_fallen_tree.gd
scripts/world/harvestable_fallen_tree.gd.uid	scripts/world/interactables/harvestable_fallen_tree.gd.uid
scripts/world/harvestable_mushroom.gd	scripts/world/interactables/harvestable_mushroom.gd
scripts/world/harvestable_mushroom.gd.uid	scripts/world/interactables/harvestable_mushroom.gd.uid
scripts/world/harvestable_plant.gd	scripts/world/interactables/harvestable_plant.gd
scripts/world/harvestable_plant.gd.uid	scripts/world/interactables/harvestable_plant.gd.uid
scripts/world/harvestable_rock.gd	scripts/world/interactables/harvestable_rock.gd
scripts/world/harvestable_rock.gd.uid	scripts/world/interactables/harvestable_rock.gd.uid
scripts/world/harvestable_tree.gd	scripts/world/interactables/harvestable_tree.gd
scripts/world/harvestable_tree.gd.uid	scripts/world/interactables/harvestable_tree.gd.uid
scripts/world/hidden_chest.gd	scripts/world/interactables/hidden_chest.gd
scripts/world/hidden_chest.gd.uid	scripts/world/interactables/hidden_chest.gd.uid
scripts/world/jail_cell_door.gd	scripts/world/interactables/jail_cell_door.gd
scripts/world/jail_cell_door.gd.uid	scripts/world/interactables/jail_cell_door.gd.uid
scripts/world/jail_exit_door.gd	scripts/world/interactables/jail_exit_door.gd
scripts/world/jail_exit_door.gd.uid	scripts/world/interactables/jail_exit_door.gd.uid
scripts/world/jail_guard.gd	scripts/characters/npcs/jail_guard.gd
scripts/world/jail_guard.gd.uid	scripts/characters/npcs/jail_guard.gd.uid
scripts/world/ladder.gd	scripts/world/interactables/ladder.gd
scripts/world/ladder.gd.uid	scripts/world/interactables/ladder.gd.uid
scripts/world/lockable_door.gd	scripts/world/interactables/lockable_door.gd
scripts/world/lockable_door.gd.uid	scripts/world/interactables/lockable_door.gd.uid
scripts/world/lootable_corpse.gd	scripts/world/interactables/lootable_corpse.gd
scripts/world/lootable_corpse.gd.uid	scripts/world/interactables/lootable_corpse.gd.uid
scripts/world/lore_scroll.gd	scripts/world/interactables/lore_scroll.gd
scripts/world/lore_scroll.gd.uid	scripts/world/interactables/lore_scroll.gd.uid
scripts/world/lore_tablet.gd	scripts/world/interactables/lore_tablet.gd
scripts/world/lore_tablet.gd.uid	scripts/world/interactables/lore_tablet.gd.uid
scripts/world/merchant.gd	scripts/characters/npcs/merchant.gd
scripts/world/merchant.gd.uid	scripts/characters/npcs/merchant.gd.uid
scripts/world/prison.gd	scripts/world/interactables/prison.gd
scripts/world/prison.gd.uid	scripts/world/interactables/prison.gd.uid
scripts/world/quest_interactable.gd	scripts/world/interactables/quest_interactable.gd
scripts/world/quest_interactable.gd.uid	scripts/world/interactables/quest_interactable.gd.uid
scripts/world/rentable_bed.gd	scripts/world/interactables/rentable_bed.gd
scripts/world/rentable_bed.gd.uid	scripts/world/interactables/rentable_bed.gd.uid
scripts/world/repair_station.gd	scripts/world/interactables/repair_station.gd
scripts/world/repair_station.gd.uid	scripts/world/interactables/repair_station.gd.uid
scripts/world/rest_spot.gd	scripts/world/interactables/rest_spot.gd
scripts/world/rest_spot.gd.uid	scripts/world/interactables/rest_spot.gd.uid
scripts/world/secret_wall.gd	scripts/world/interactables/secret_wall.gd
scripts/world/secret_wall.gd.uid	scripts/world/interactables/secret_wall.gd.uid
scripts/world/spell_making_altar.gd	scripts/world/interactables/spell_making_altar.gd
scripts/world/spell_making_altar.gd.uid	scripts/world/interactables/spell_making_altar.gd.uid
scripts/world/terrain_prop.gd	scripts/world/props/terrain_prop.gd
scripts/world/terrain_prop.gd.uid	scripts/world/props/terrain_prop.gd.uid
scripts/world/traveling_merchant.gd	scripts/characters/npcs/traveling_merchant.gd
scripts/world/traveling_merchant.gd.uid	scripts/characters/npcs/traveling_merchant.gd.uid
scripts/world/treasure_pile.gd	scripts/world/interactables/treasure_pile.gd
scripts/world/treasure_pile.gd.uid	scripts/world/interactables/treasure_pile.gd.uid
scripts/world/triggered_trap.gd	scripts/world/interactables/triggered_trap.gd
scripts/world/triggered_trap.gd.uid	scripts/world/interactables/triggered_trap.gd.uid
scripts/world/world_item.gd	scripts/world/interactables/world_item.gd
scripts/world/world_item.gd.uid	scripts/world/interactables/world_item.gd.uid
scripts/world/zone_door.gd	scripts/world/interactables/zone_door.gd
scripts/world/zone_door.gd.uid	scripts/world/interactables/zone_door.gd.uid
tools/KAZAN_DUN_WORKFLOW.md	docs/design/KAZAN_DUN_WORKFLOW.md
tools/_probe_npc_census.gd	tools/probes/_probe_npc_census.gd
tools/_probe_npc_census.gd.uid	tools/probes/_probe_npc_census.gd.uid
tools/_probe_rig_pose.gd	tools/probes/_probe_rig_pose.gd
tools/_probe_rig_pose.gd.uid	tools/probes/_probe_rig_pose.gd.uid
tools/_probe_rig_pose.tscn	tools/probes/_probe_rig_pose.tscn
tools/cell_probe.gd	tools/probes/cell_probe.gd
tools/cell_probe.gd.uid	tools/probes/cell_probe.gd.uid
tools/cell_probe.tscn	tools/probes/cell_probe.tscn
tools/csg_export_auto.gd	tools/build/csg_export_auto.gd
tools/csg_export_auto.gd.uid	tools/build/csg_export_auto.gd.uid
tools/csg_export_auto.tscn	tools/build/csg_export_auto.tscn
tools/csg_export_tool.gd	tools/build/csg_export_tool.gd
tools/csg_export_tool.gd.uid	tools/build/csg_export_tool.gd.uid
tools/csg_export_tool.tscn	tools/build/csg_export_tool.tscn
tools/csg_exporter.gd	tools/build/csg_exporter.gd
tools/csg_exporter.gd.uid	tools/build/csg_exporter.gd.uid
tools/gen_audio.py	tools/build/gen_audio.py
tools/gen_npc_schedules.py	tools/build/gen_npc_schedules.py
tools/make_biome_floor_tiles.py	tools/build/make_biome_floor_tiles.py
tools/probe_npc_ids.gd	tools/probes/probe_npc_ids.gd
tools/probe_npc_ids.gd.uid	tools/probes/probe_npc_ids.gd.uid
tools/terrain_probe.gd	tools/probes/terrain_probe.gd
tools/terrain_probe.gd.uid	tools/probes/terrain_probe.gd.uid
